"","parameter","group","coef","level","inv_metric","mean","step_size","Model"
"1","Intercept",NA,NA,NA,0.008516505,-1.46398707625,0.026863425,"gam_ddm4_MullerLyer"
"2","bs[1]",NA,NA,NA,0.005500695,NA,0.026863425,"gam_ddm4_MullerLyer"
"3","bs[2]",NA,NA,NA,0.00455532,NA,0.026863425,"gam_ddm4_MullerLyer"
"4","bs[3]",NA,NA,NA,0.006232295,NA,0.026863425,"gam_ddm4_MullerLyer"
"5","zs_1_1[1]",NA,NA,NA,1.040253,NA,0.026863425,"gam_ddm4_MullerLyer"
"6","zs_1_1[2]",NA,NA,NA,0.94032775,NA,0.026863425,"gam_ddm4_MullerLyer"
"7","zs_1_1[3]",NA,NA,NA,0.8955005,NA,0.026863425,"gam_ddm4_MullerLyer"
"8","zs_1_1[4]",NA,NA,NA,0.979498,NA,0.026863425,"gam_ddm4_MullerLyer"
"9","zs_1_1[5]",NA,NA,NA,0.92198,NA,0.026863425,"gam_ddm4_MullerLyer"
"10","zs_1_1[6]",NA,NA,NA,0.75384125,NA,0.026863425,"gam_ddm4_MullerLyer"
"11","zs_1_1[7]",NA,NA,NA,0.799513,NA,0.026863425,"gam_ddm4_MullerLyer"
"12","zs_1_1[8]",NA,NA,NA,0.67283425,NA,0.026863425,"gam_ddm4_MullerLyer"
"13","zs_1_1[9]",NA,NA,NA,0.44141475,NA,0.026863425,"gam_ddm4_MullerLyer"
"14","zs_1_2[1]",NA,NA,NA,0.28923425,NA,0.026863425,"gam_ddm4_MullerLyer"
"15","zs_1_2[2]",NA,NA,NA,0.23827975,NA,0.026863425,"gam_ddm4_MullerLyer"
"16","zs_1_2[3]",NA,NA,NA,0.01956695,NA,0.026863425,"gam_ddm4_MullerLyer"
"17","zs_1_2[4]",NA,NA,NA,0.2005605,NA,0.026863425,"gam_ddm4_MullerLyer"
"18","zs_1_2[5]",NA,NA,NA,0.10374705,NA,0.026863425,"gam_ddm4_MullerLyer"
"19","zs_1_2[6]",NA,NA,NA,0.029712275,NA,0.026863425,"gam_ddm4_MullerLyer"
"20","zs_1_3[1]",NA,NA,NA,0.896708,NA,0.026863425,"gam_ddm4_MullerLyer"
"21","zs_1_3[2]",NA,NA,NA,0.9051335,NA,0.026863425,"gam_ddm4_MullerLyer"
"22","zs_1_3[3]",NA,NA,NA,0.784692,NA,0.026863425,"gam_ddm4_MullerLyer"
"23","zs_1_3[4]",NA,NA,NA,0.72110275,NA,0.026863425,"gam_ddm4_MullerLyer"
"24","zs_1_3[5]",NA,NA,NA,0.477571,NA,0.026863425,"gam_ddm4_MullerLyer"
"25","zs_1_3[6]",NA,NA,NA,0.463546,NA,0.026863425,"gam_ddm4_MullerLyer"
"26","sds_1[1]",NA,NA,NA,1.1940975,NA,0.026863425,"gam_ddm4_MullerLyer"
"27","sds_1[2]",NA,NA,NA,0.07581175,NA,0.026863425,"gam_ddm4_MullerLyer"
"28","sds_1[3]",NA,NA,NA,0.7302165,NA,0.026863425,"gam_ddm4_MullerLyer"
"29","Intercept_boundary",NA,NA,NA,0.0425739,1.3913851964375,0.026863425,"gam_ddm4_MullerLyer"
"30","bs_boundary[1]",NA,NA,NA,0.0022769075,NA,0.026863425,"gam_ddm4_MullerLyer"
"31","bs_boundary[2]",NA,NA,NA,0.0022953675,NA,0.026863425,"gam_ddm4_MullerLyer"
"32","bs_boundary[3]",NA,NA,NA,0.0025318975,NA,0.026863425,"gam_ddm4_MullerLyer"
"33","zs_boundary_1_1[1]",NA,NA,NA,0.9525365,NA,0.026863425,"gam_ddm4_MullerLyer"
"34","zs_boundary_1_1[2]",NA,NA,NA,0.97675475,NA,0.026863425,"gam_ddm4_MullerLyer"
"35","zs_boundary_1_1[3]",NA,NA,NA,0.9204775,NA,0.026863425,"gam_ddm4_MullerLyer"
"36","zs_boundary_1_1[4]",NA,NA,NA,0.9212365,NA,0.026863425,"gam_ddm4_MullerLyer"
"37","zs_boundary_1_1[5]",NA,NA,NA,0.9401385,NA,0.026863425,"gam_ddm4_MullerLyer"
"38","zs_boundary_1_1[6]",NA,NA,NA,0.8335895,NA,0.026863425,"gam_ddm4_MullerLyer"
"39","zs_boundary_1_1[7]",NA,NA,NA,0.90408875,NA,0.026863425,"gam_ddm4_MullerLyer"
"40","zs_boundary_1_1[8]",NA,NA,NA,0.764577,NA,0.026863425,"gam_ddm4_MullerLyer"
"41","zs_boundary_1_1[9]",NA,NA,NA,0.533106,NA,0.026863425,"gam_ddm4_MullerLyer"
"42","zs_boundary_1_2[1]",NA,NA,NA,0.90059325,NA,0.026863425,"gam_ddm4_MullerLyer"
"43","zs_boundary_1_2[2]",NA,NA,NA,0.74706425,NA,0.026863425,"gam_ddm4_MullerLyer"
"44","zs_boundary_1_2[3]",NA,NA,NA,0.59540575,NA,0.026863425,"gam_ddm4_MullerLyer"
"45","zs_boundary_1_2[4]",NA,NA,NA,1.00410325,NA,0.026863425,"gam_ddm4_MullerLyer"
"46","zs_boundary_1_2[5]",NA,NA,NA,0.924348,NA,0.026863425,"gam_ddm4_MullerLyer"
"47","zs_boundary_1_2[6]",NA,NA,NA,0.7053905,NA,0.026863425,"gam_ddm4_MullerLyer"
"48","zs_boundary_1_3[1]",NA,NA,NA,0.8920795,NA,0.026863425,"gam_ddm4_MullerLyer"
"49","zs_boundary_1_3[2]",NA,NA,NA,0.91399425,NA,0.026863425,"gam_ddm4_MullerLyer"
"50","zs_boundary_1_3[3]",NA,NA,NA,0.79469525,NA,0.026863425,"gam_ddm4_MullerLyer"
"51","zs_boundary_1_3[4]",NA,NA,NA,0.872403,NA,0.026863425,"gam_ddm4_MullerLyer"
"52","zs_boundary_1_3[5]",NA,NA,NA,0.6360175,NA,0.026863425,"gam_ddm4_MullerLyer"
"53","zs_boundary_1_3[6]",NA,NA,NA,0.5507075,NA,0.026863425,"gam_ddm4_MullerLyer"
"54","sds_boundary_1[1]",NA,NA,NA,1.360855,NA,0.026863425,"gam_ddm4_MullerLyer"
"55","sds_boundary_1[2]",NA,NA,NA,1.4607675,NA,0.026863425,"gam_ddm4_MullerLyer"
"56","sds_boundary_1[3]",NA,NA,NA,1.4041875,NA,0.026863425,"gam_ddm4_MullerLyer"
"57","Intercept_bias",NA,NA,NA,0.003830035,0.069687671810005,0.026863425,"gam_ddm4_MullerLyer"
"58","bs_bias[1]",NA,NA,NA,0.0036453975,NA,0.026863425,"gam_ddm4_MullerLyer"
"59","bs_bias[2]",NA,NA,NA,0.0025203425,NA,0.026863425,"gam_ddm4_MullerLyer"
"60","bs_bias[3]",NA,NA,NA,0.0034460125,NA,0.026863425,"gam_ddm4_MullerLyer"
"61","zs_bias_1_1[1]",NA,NA,NA,1.005418,NA,0.026863425,"gam_ddm4_MullerLyer"
"62","zs_bias_1_1[2]",NA,NA,NA,0.99122175,NA,0.026863425,"gam_ddm4_MullerLyer"
"63","zs_bias_1_1[3]",NA,NA,NA,0.69122075,NA,0.026863425,"gam_ddm4_MullerLyer"
"64","zs_bias_1_1[4]",NA,NA,NA,0.96353175,NA,0.026863425,"gam_ddm4_MullerLyer"
"65","zs_bias_1_1[5]",NA,NA,NA,0.94899375,NA,0.026863425,"gam_ddm4_MullerLyer"
"66","zs_bias_1_1[6]",NA,NA,NA,0.625621,NA,0.026863425,"gam_ddm4_MullerLyer"
"67","zs_bias_1_1[7]",NA,NA,NA,0.7289265,NA,0.026863425,"gam_ddm4_MullerLyer"
"68","zs_bias_1_1[8]",NA,NA,NA,0.54190675,NA,0.026863425,"gam_ddm4_MullerLyer"
"69","zs_bias_1_1[9]",NA,NA,NA,0.34807225,NA,0.026863425,"gam_ddm4_MullerLyer"
"70","zs_bias_1_2[1]",NA,NA,NA,0.5396785,NA,0.026863425,"gam_ddm4_MullerLyer"
"71","zs_bias_1_2[2]",NA,NA,NA,0.38339925,NA,0.026863425,"gam_ddm4_MullerLyer"
"72","zs_bias_1_2[3]",NA,NA,NA,0.175437,NA,0.026863425,"gam_ddm4_MullerLyer"
"73","zs_bias_1_2[4]",NA,NA,NA,0.59361,NA,0.026863425,"gam_ddm4_MullerLyer"
"74","zs_bias_1_2[5]",NA,NA,NA,0.43853125,NA,0.026863425,"gam_ddm4_MullerLyer"
"75","zs_bias_1_2[6]",NA,NA,NA,0.119496525,NA,0.026863425,"gam_ddm4_MullerLyer"
"76","zs_bias_1_3[1]",NA,NA,NA,0.85314175,NA,0.026863425,"gam_ddm4_MullerLyer"
"77","zs_bias_1_3[2]",NA,NA,NA,0.87688,NA,0.026863425,"gam_ddm4_MullerLyer"
"78","zs_bias_1_3[3]",NA,NA,NA,0.7979865,NA,0.026863425,"gam_ddm4_MullerLyer"
"79","zs_bias_1_3[4]",NA,NA,NA,0.76305975,NA,0.026863425,"gam_ddm4_MullerLyer"
"80","zs_bias_1_3[5]",NA,NA,NA,0.57040775,NA,0.026863425,"gam_ddm4_MullerLyer"
"81","zs_bias_1_3[6]",NA,NA,NA,0.482668,NA,0.026863425,"gam_ddm4_MullerLyer"
"82","sds_bias_1[1]",NA,NA,NA,0.806225,NA,0.026863425,"gam_ddm4_MullerLyer"
"83","sds_bias_1[2]",NA,NA,NA,0.1790035,NA,0.026863425,"gam_ddm4_MullerLyer"
"84","sds_bias_1[3]",NA,NA,NA,1.09491075,NA,0.026863425,"gam_ddm4_MullerLyer"
"85","Intercept_ndt",NA,NA,NA,0.0016164175,-0.91203634285,0.026863425,"gam_ddm4_MullerLyer"
"86","bs_ndt[1]",NA,NA,NA,5.726565e-05,NA,0.026863425,"gam_ddm4_MullerLyer"
"87","bs_ndt[2]",NA,NA,NA,7.96632e-05,NA,0.026863425,"gam_ddm4_MullerLyer"
"88","bs_ndt[3]",NA,NA,NA,4.85384e-05,NA,0.026863425,"gam_ddm4_MullerLyer"
"89","zs_ndt_1_1[1]",NA,NA,NA,0.69715775,NA,0.026863425,"gam_ddm4_MullerLyer"
"90","zs_ndt_1_1[2]",NA,NA,NA,0.87974075,NA,0.026863425,"gam_ddm4_MullerLyer"
"91","zs_ndt_1_1[3]",NA,NA,NA,0.32775675,NA,0.026863425,"gam_ddm4_MullerLyer"
"92","zs_ndt_1_1[4]",NA,NA,NA,0.65602975,NA,0.026863425,"gam_ddm4_MullerLyer"
"93","zs_ndt_1_1[5]",NA,NA,NA,0.4361225,NA,0.026863425,"gam_ddm4_MullerLyer"
"94","zs_ndt_1_1[6]",NA,NA,NA,0.24099425,NA,0.026863425,"gam_ddm4_MullerLyer"
"95","zs_ndt_1_1[7]",NA,NA,NA,0.31487075,NA,0.026863425,"gam_ddm4_MullerLyer"
"96","zs_ndt_1_1[8]",NA,NA,NA,0.19985625,NA,0.026863425,"gam_ddm4_MullerLyer"
"97","zs_ndt_1_1[9]",NA,NA,NA,0.097723425,NA,0.026863425,"gam_ddm4_MullerLyer"
"98","zs_ndt_1_2[1]",NA,NA,NA,0.4373805,NA,0.026863425,"gam_ddm4_MullerLyer"
"99","zs_ndt_1_2[2]",NA,NA,NA,0.269817,NA,0.026863425,"gam_ddm4_MullerLyer"
"100","zs_ndt_1_2[3]",NA,NA,NA,0.1202689,NA,0.026863425,"gam_ddm4_MullerLyer"
"101","zs_ndt_1_2[4]",NA,NA,NA,0.489718,NA,0.026863425,"gam_ddm4_MullerLyer"
"102","zs_ndt_1_2[5]",NA,NA,NA,0.267906,NA,0.026863425,"gam_ddm4_MullerLyer"
"103","zs_ndt_1_2[6]",NA,NA,NA,0.1823125,NA,0.026863425,"gam_ddm4_MullerLyer"
"104","zs_ndt_1_3[1]",NA,NA,NA,0.49714275,NA,0.026863425,"gam_ddm4_MullerLyer"
"105","zs_ndt_1_3[2]",NA,NA,NA,0.48714775,NA,0.026863425,"gam_ddm4_MullerLyer"
"106","zs_ndt_1_3[3]",NA,NA,NA,0.4388675,NA,0.026863425,"gam_ddm4_MullerLyer"
"107","zs_ndt_1_3[4]",NA,NA,NA,0.28433025,NA,0.026863425,"gam_ddm4_MullerLyer"
"108","zs_ndt_1_3[5]",NA,NA,NA,0.10873565,NA,0.026863425,"gam_ddm4_MullerLyer"
"109","zs_ndt_1_3[6]",NA,NA,NA,0.085054075,NA,0.026863425,"gam_ddm4_MullerLyer"
"110","sds_ndt_1[1]",NA,NA,NA,0.64877725,NA,0.026863425,"gam_ddm4_MullerLyer"
"111","sds_ndt_1[2]",NA,NA,NA,0.204805,NA,0.026863425,"gam_ddm4_MullerLyer"
"112","sds_ndt_1[3]",NA,NA,NA,0.2100795,NA,0.026863425,"gam_ddm4_MullerLyer"
"113","Intercept_poutlier",NA,NA,NA,0.18512375,-5.950657589,0.026863425,"gam_ddm4_MullerLyer"
"114","sd_1[1]","Participant","Intercept",NA,0.111310875,0.23241555838,0.026863425,"gam_ddm4_MullerLyer"
"115","z_1[1,1]","Participant","Intercept","IllusionGameValidation_S01",0.327131,0.0129539148062434,0.026863425,"gam_ddm4_MullerLyer"
"116","z_1[1,2]","Participant","Intercept","IllusionGameValidation_S02",0.5176335,-1.16944973874155,0.026863425,"gam_ddm4_MullerLyer"
"117","z_1[1,3]","Participant","Intercept","IllusionGameValidation_S03",0.45200175,-0.294526642775211,0.026863425,"gam_ddm4_MullerLyer"
"118","z_1[1,4]","Participant","Intercept","IllusionGameValidation_S04",0.3946705,0.970200663898805,0.026863425,"gam_ddm4_MullerLyer"
"119","z_1[1,5]","Participant","Intercept","IllusionGameValidation_S05",0.3013325,-0.747356153750977,0.026863425,"gam_ddm4_MullerLyer"
"120","z_1[1,6]","Participant","Intercept","IllusionGameValidation_S06",0.419751,-0.0852224962192632,0.026863425,"gam_ddm4_MullerLyer"
"121","z_1[1,7]","Participant","Intercept","IllusionGameValidation_S07",0.282364,-0.591058178108059,0.026863425,"gam_ddm4_MullerLyer"
"122","z_1[1,8]","Participant","Intercept","IllusionGameValidation_S08",0.598849,0.0571969936760006,0.026863425,"gam_ddm4_MullerLyer"
"123","z_1[1,9]","Participant","Intercept","IllusionGameValidation_S09",0.30961275,0.456317719949214,0.026863425,"gam_ddm4_MullerLyer"
"124","z_1[1,10]","Participant","Intercept","IllusionGameValidation_S10",0.32623475,-0.605013091703321,0.026863425,"gam_ddm4_MullerLyer"
"125","z_1[1,11]","Participant","Intercept","IllusionGameValidation_S11",0.37588775,0.998636061279806,0.026863425,"gam_ddm4_MullerLyer"
"126","z_1[1,12]","Participant","Intercept","IllusionGameValidation_S12",0.54799525,1.23366357439675,0.026863425,"gam_ddm4_MullerLyer"
"127","z_1[1,13]","Participant","Intercept","IllusionGameValidation_S13",0.458375,0.193722457008173,0.026863425,"gam_ddm4_MullerLyer"
"128","z_1[1,14]","Participant","Intercept","IllusionGameValidation_S14",0.3372535,0.923334384394226,0.026863425,"gam_ddm4_MullerLyer"
"129","z_1[1,15]","Participant","Intercept","IllusionGameValidation_S15",0.53082175,-0.867958151236538,0.026863425,"gam_ddm4_MullerLyer"
"130","z_1[1,16]","Participant","Intercept","IllusionGameValidation_S16",0.4802035,-0.388903969037075,0.026863425,"gam_ddm4_MullerLyer"
"131","z_1[1,17]","Participant","Intercept","IllusionGameValidation_S17",0.54542225,0.846690608201539,0.026863425,"gam_ddm4_MullerLyer"
"132","z_1[1,18]","Participant","Intercept","IllusionGameValidation_S18",0.47851625,-0.851270497207742,0.026863425,"gam_ddm4_MullerLyer"
"133","z_1[1,19]","Participant","Intercept","IllusionGameValidation_S19",0.65924275,-0.0187518083418788,0.026863425,"gam_ddm4_MullerLyer"
"134","z_1[1,20]","Participant","Intercept","IllusionGameValidation_S20",0.53577675,0.295196875287127,0.026863425,"gam_ddm4_MullerLyer"
"135","z_1[1,21]","Participant","Intercept","IllusionGameValidation_S21",0.443953775,0,0.026863425,"gam_ddm4_MullerLyer"
"136","z_1[1,22]","Participant","Intercept","IllusionGameValidation_S22",0.443953775,0,0.026863425,"gam_ddm4_MullerLyer"
"137","z_1[1,23]","Participant","Intercept","IllusionGameValidation_S23",0.443953775,0,0.026863425,"gam_ddm4_MullerLyer"
"138","z_1[1,24]","Participant","Intercept","IllusionGameValidation_S24",0.443953775,0,0.026863425,"gam_ddm4_MullerLyer"
"139","z_1[1,25]","Participant","Intercept","IllusionGameValidation_S25",0.443953775,0,0.026863425,"gam_ddm4_MullerLyer"
"140","z_1[1,26]","Participant","Intercept","IllusionGameValidation_S26",0.443953775,0,0.026863425,"gam_ddm4_MullerLyer"
"141","z_1[1,27]","Participant","Intercept","IllusionGameValidation_S27",0.443953775,0,0.026863425,"gam_ddm4_MullerLyer"
"142","z_1[1,28]","Participant","Intercept","IllusionGameValidation_S28",0.443953775,0,0.026863425,"gam_ddm4_MullerLyer"
"143","z_1[1,29]","Participant","Intercept","IllusionGameValidation_S29",0.443953775,0,0.026863425,"gam_ddm4_MullerLyer"
"144","z_1[1,30]","Participant","Intercept","IllusionGameValidation_S30",0.443953775,0,0.026863425,"gam_ddm4_MullerLyer"
"145","z_1[1,31]","Participant","Intercept","IllusionGameValidation_S31",0.443953775,0,0.026863425,"gam_ddm4_MullerLyer"
"146","z_1[1,32]","Participant","Intercept","IllusionGameValidation_S32",0.443953775,0,0.026863425,"gam_ddm4_MullerLyer"
"147","z_1[1,33]","Participant","Intercept","IllusionGameValidation_S33",0.443953775,0,0.026863425,"gam_ddm4_MullerLyer"
"148","z_1[1,34]","Participant","Intercept","IllusionGameValidation_S34",0.443953775,0,0.026863425,"gam_ddm4_MullerLyer"
"149","z_1[1,35]","Participant","Intercept","IllusionGameValidation_S35",0.443953775,0,0.026863425,"gam_ddm4_MullerLyer"
"150","z_1[1,36]","Participant","Intercept","IllusionGameValidation_S36",0.443953775,0,0.026863425,"gam_ddm4_MullerLyer"
"151","z_1[1,37]","Participant","Intercept","IllusionGameValidation_S37",0.443953775,0,0.026863425,"gam_ddm4_MullerLyer"
"152","z_1[1,38]","Participant","Intercept","IllusionGameValidation_S38",0.443953775,0,0.026863425,"gam_ddm4_MullerLyer"
"153","z_1[1,39]","Participant","Intercept","IllusionGameValidation_S39",0.443953775,0,0.026863425,"gam_ddm4_MullerLyer"
"154","z_1[1,40]","Participant","Intercept","IllusionGameValidation_S40",0.443953775,0,0.026863425,"gam_ddm4_MullerLyer"
"155","sd_2[1]","Participant","boundary_Intercept",NA,0.02948345,0.8895381481,0.026863425,"gam_ddm4_MullerLyer"
"156","z_2[1,1]","Participant","boundary_Intercept","IllusionGameValidation_S01",0.09660925,0.888352234918754,0.026863425,"gam_ddm4_MullerLyer"
"157","z_2[1,2]","Participant","boundary_Intercept","IllusionGameValidation_S02",0.080133325,-0.825922155861727,0.026863425,"gam_ddm4_MullerLyer"
"158","z_2[1,3]","Participant","boundary_Intercept","IllusionGameValidation_S03",0.0667978,-0.277745840151071,0.026863425,"gam_ddm4_MullerLyer"
"159","z_2[1,4]","Participant","boundary_Intercept","IllusionGameValidation_S04",0.068790975,-0.0311676157432016,0.026863425,"gam_ddm4_MullerLyer"
"160","z_2[1,5]","Participant","boundary_Intercept","IllusionGameValidation_S05",0.141255,1.42110927785965,0.026863425,"gam_ddm4_MullerLyer"
"161","z_2[1,6]","Participant","boundary_Intercept","IllusionGameValidation_S06",0.06732225,-0.10925868697078,0.026863425,"gam_ddm4_MullerLyer"
"162","z_2[1,7]","Participant","boundary_Intercept","IllusionGameValidation_S07",0.24226225,2.31994352634892,0.026863425,"gam_ddm4_MullerLyer"
"163","z_2[1,8]","Participant","boundary_Intercept","IllusionGameValidation_S08",0.0930832,-1.1173036429892,0.026863425,"gam_ddm4_MullerLyer"
"164","z_2[1,9]","Participant","boundary_Intercept","IllusionGameValidation_S09",0.1143456,1.03228923265697,0.026863425,"gam_ddm4_MullerLyer"
"165","z_2[1,10]","Participant","boundary_Intercept","IllusionGameValidation_S10",0.103252925,0.887051646595088,0.026863425,"gam_ddm4_MullerLyer"
"166","z_2[1,11]","Participant","boundary_Intercept","IllusionGameValidation_S11",0.075020875,0.386003332974835,0.026863425,"gam_ddm4_MullerLyer"
"167","z_2[1,12]","Participant","boundary_Intercept","IllusionGameValidation_S12",0.075345925,-0.768524389843703,0.026863425,"gam_ddm4_MullerLyer"
"168","z_2[1,13]","Participant","boundary_Intercept","IllusionGameValidation_S13",0.068334075,-0.13835713501192,0.026863425,"gam_ddm4_MullerLyer"
"169","z_2[1,14]","Participant","boundary_Intercept","IllusionGameValidation_S14",0.08737425,0.644044214196501,0.026863425,"gam_ddm4_MullerLyer"
"170","z_2[1,15]","Participant","boundary_Intercept","IllusionGameValidation_S15",0.067872675,-0.531315790928191,0.026863425,"gam_ddm4_MullerLyer"
"171","z_2[1,16]","Participant","boundary_Intercept","IllusionGameValidation_S16",0.08545755,-0.446557047936416,0.026863425,"gam_ddm4_MullerLyer"
"172","z_2[1,17]","Participant","boundary_Intercept","IllusionGameValidation_S17",0.07144365,-0.641972364211976,0.026863425,"gam_ddm4_MullerLyer"
"173","z_2[1,18]","Participant","boundary_Intercept","IllusionGameValidation_S18",0.070595875,-0.525499203615605,0.026863425,"gam_ddm4_MullerLyer"
"174","z_2[1,19]","Participant","boundary_Intercept","IllusionGameValidation_S19",0.097754125,-1.22767384258065,0.026863425,"gam_ddm4_MullerLyer"
"175","z_2[1,20]","Participant","boundary_Intercept","IllusionGameValidation_S20",0.076558475,-0.738863885274444,0.026863425,"gam_ddm4_MullerLyer"
"176","z_2[1,21]","Participant","boundary_Intercept","IllusionGameValidation_S21",0.0924805025,0,0.026863425,"gam_ddm4_MullerLyer"
"177","z_2[1,22]","Participant","boundary_Intercept","IllusionGameValidation_S22",0.0924805025,0,0.026863425,"gam_ddm4_MullerLyer"
"178","z_2[1,23]","Participant","boundary_Intercept","IllusionGameValidation_S23",0.0924805025,0,0.026863425,"gam_ddm4_MullerLyer"
"179","z_2[1,24]","Participant","boundary_Intercept","IllusionGameValidation_S24",0.0924805025,0,0.026863425,"gam_ddm4_MullerLyer"
"180","z_2[1,25]","Participant","boundary_Intercept","IllusionGameValidation_S25",0.0924805025,0,0.026863425,"gam_ddm4_MullerLyer"
"181","z_2[1,26]","Participant","boundary_Intercept","IllusionGameValidation_S26",0.0924805025,0,0.026863425,"gam_ddm4_MullerLyer"
"182","z_2[1,27]","Participant","boundary_Intercept","IllusionGameValidation_S27",0.0924805025,0,0.026863425,"gam_ddm4_MullerLyer"
"183","z_2[1,28]","Participant","boundary_Intercept","IllusionGameValidation_S28",0.0924805025,0,0.026863425,"gam_ddm4_MullerLyer"
"184","z_2[1,29]","Participant","boundary_Intercept","IllusionGameValidation_S29",0.0924805025,0,0.026863425,"gam_ddm4_MullerLyer"
"185","z_2[1,30]","Participant","boundary_Intercept","IllusionGameValidation_S30",0.0924805025,0,0.026863425,"gam_ddm4_MullerLyer"
"186","z_2[1,31]","Participant","boundary_Intercept","IllusionGameValidation_S31",0.0924805025,0,0.026863425,"gam_ddm4_MullerLyer"
"187","z_2[1,32]","Participant","boundary_Intercept","IllusionGameValidation_S32",0.0924805025,0,0.026863425,"gam_ddm4_MullerLyer"
"188","z_2[1,33]","Participant","boundary_Intercept","IllusionGameValidation_S33",0.0924805025,0,0.026863425,"gam_ddm4_MullerLyer"
"189","z_2[1,34]","Participant","boundary_Intercept","IllusionGameValidation_S34",0.0924805025,0,0.026863425,"gam_ddm4_MullerLyer"
"190","z_2[1,35]","Participant","boundary_Intercept","IllusionGameValidation_S35",0.0924805025,0,0.026863425,"gam_ddm4_MullerLyer"
"191","z_2[1,36]","Participant","boundary_Intercept","IllusionGameValidation_S36",0.0924805025,0,0.026863425,"gam_ddm4_MullerLyer"
"192","z_2[1,37]","Participant","boundary_Intercept","IllusionGameValidation_S37",0.0924805025,0,0.026863425,"gam_ddm4_MullerLyer"
"193","z_2[1,38]","Participant","boundary_Intercept","IllusionGameValidation_S38",0.0924805025,0,0.026863425,"gam_ddm4_MullerLyer"
"194","z_2[1,39]","Participant","boundary_Intercept","IllusionGameValidation_S39",0.0924805025,0,0.026863425,"gam_ddm4_MullerLyer"
"195","z_2[1,40]","Participant","boundary_Intercept","IllusionGameValidation_S40",0.0924805025,0,0.026863425,"gam_ddm4_MullerLyer"
"196","sd_3[1]","Participant","bias_Intercept",NA,1.23491175,0.0521183034709713,0.026863425,"gam_ddm4_MullerLyer"
"197","z_3[1,1]","Participant","bias_Intercept","IllusionGameValidation_S01",0.83209675,-0.373527610351837,0.026863425,"gam_ddm4_MullerLyer"
"198","z_3[1,2]","Participant","bias_Intercept","IllusionGameValidation_S02",0.86491125,-0.10926121930153,0.026863425,"gam_ddm4_MullerLyer"
"199","z_3[1,3]","Participant","bias_Intercept","IllusionGameValidation_S03",0.79726125,0.428373541491705,0.026863425,"gam_ddm4_MullerLyer"
"200","z_3[1,4]","Participant","bias_Intercept","IllusionGameValidation_S04",0.7990405,0.156956722187772,0.026863425,"gam_ddm4_MullerLyer"
"201","z_3[1,5]","Participant","bias_Intercept","IllusionGameValidation_S05",0.8653675,-0.124935424891338,0.026863425,"gam_ddm4_MullerLyer"
"202","z_3[1,6]","Participant","bias_Intercept","IllusionGameValidation_S06",0.8050435,0.227471156419946,0.026863425,"gam_ddm4_MullerLyer"
"203","z_3[1,7]","Participant","bias_Intercept","IllusionGameValidation_S07",1.0066405,-0.497207885557174,0.026863425,"gam_ddm4_MullerLyer"
"204","z_3[1,8]","Participant","bias_Intercept","IllusionGameValidation_S08",1.0157545,0.923742559473757,0.026863425,"gam_ddm4_MullerLyer"
"205","z_3[1,9]","Participant","bias_Intercept","IllusionGameValidation_S09",0.84396075,-0.0849461152522646,0.026863425,"gam_ddm4_MullerLyer"
"206","z_3[1,10]","Participant","bias_Intercept","IllusionGameValidation_S10",0.852709,-0.349705145787826,0.026863425,"gam_ddm4_MullerLyer"
"207","z_3[1,11]","Participant","bias_Intercept","IllusionGameValidation_S11",0.86491475,-0.509674870068192,0.026863425,"gam_ddm4_MullerLyer"
"208","z_3[1,12]","Participant","bias_Intercept","IllusionGameValidation_S12",0.7850755,0.0163016383900901,0.026863425,"gam_ddm4_MullerLyer"
"209","z_3[1,13]","Participant","bias_Intercept","IllusionGameValidation_S13",0.8132825,-0.293588864918044,0.026863425,"gam_ddm4_MullerLyer"
"210","z_3[1,14]","Participant","bias_Intercept","IllusionGameValidation_S14",0.84010625,-0.0824912187210294,0.026863425,"gam_ddm4_MullerLyer"
"211","z_3[1,15]","Participant","bias_Intercept","IllusionGameValidation_S15",0.8838115,1.16064915602412,0.026863425,"gam_ddm4_MullerLyer"
"212","z_3[1,16]","Participant","bias_Intercept","IllusionGameValidation_S16",0.784943,-0.155426818711366,0.026863425,"gam_ddm4_MullerLyer"
"213","z_3[1,17]","Participant","bias_Intercept","IllusionGameValidation_S17",0.755076,0.108546815540168,0.026863425,"gam_ddm4_MullerLyer"
"214","z_3[1,18]","Participant","bias_Intercept","IllusionGameValidation_S18",0.81148725,-0.0826098873387938,0.026863425,"gam_ddm4_MullerLyer"
"215","z_3[1,19]","Participant","bias_Intercept","IllusionGameValidation_S19",0.937557,-0.381228936845749,0.026863425,"gam_ddm4_MullerLyer"
"216","z_3[1,20]","Participant","bias_Intercept","IllusionGameValidation_S20",0.8309885,-0.00315035825504568,0.026863425,"gam_ddm4_MullerLyer"
"217","z_3[1,21]","Participant","bias_Intercept","IllusionGameValidation_S21",0.8495013875,0,0.026863425,"gam_ddm4_MullerLyer"
"218","z_3[1,22]","Participant","bias_Intercept","IllusionGameValidation_S22",0.8495013875,0,0.026863425,"gam_ddm4_MullerLyer"
"219","z_3[1,23]","Participant","bias_Intercept","IllusionGameValidation_S23",0.8495013875,0,0.026863425,"gam_ddm4_MullerLyer"
"220","z_3[1,24]","Participant","bias_Intercept","IllusionGameValidation_S24",0.8495013875,0,0.026863425,"gam_ddm4_MullerLyer"
"221","z_3[1,25]","Participant","bias_Intercept","IllusionGameValidation_S25",0.8495013875,0,0.026863425,"gam_ddm4_MullerLyer"
"222","z_3[1,26]","Participant","bias_Intercept","IllusionGameValidation_S26",0.8495013875,0,0.026863425,"gam_ddm4_MullerLyer"
"223","z_3[1,27]","Participant","bias_Intercept","IllusionGameValidation_S27",0.8495013875,0,0.026863425,"gam_ddm4_MullerLyer"
"224","z_3[1,28]","Participant","bias_Intercept","IllusionGameValidation_S28",0.8495013875,0,0.026863425,"gam_ddm4_MullerLyer"
"225","z_3[1,29]","Participant","bias_Intercept","IllusionGameValidation_S29",0.8495013875,0,0.026863425,"gam_ddm4_MullerLyer"
"226","z_3[1,30]","Participant","bias_Intercept","IllusionGameValidation_S30",0.8495013875,0,0.026863425,"gam_ddm4_MullerLyer"
"227","z_3[1,31]","Participant","bias_Intercept","IllusionGameValidation_S31",0.8495013875,0,0.026863425,"gam_ddm4_MullerLyer"
"228","z_3[1,32]","Participant","bias_Intercept","IllusionGameValidation_S32",0.8495013875,0,0.026863425,"gam_ddm4_MullerLyer"
"229","z_3[1,33]","Participant","bias_Intercept","IllusionGameValidation_S33",0.8495013875,0,0.026863425,"gam_ddm4_MullerLyer"
"230","z_3[1,34]","Participant","bias_Intercept","IllusionGameValidation_S34",0.8495013875,0,0.026863425,"gam_ddm4_MullerLyer"
"231","z_3[1,35]","Participant","bias_Intercept","IllusionGameValidation_S35",0.8495013875,0,0.026863425,"gam_ddm4_MullerLyer"
"232","z_3[1,36]","Participant","bias_Intercept","IllusionGameValidation_S36",0.8495013875,0,0.026863425,"gam_ddm4_MullerLyer"
"233","z_3[1,37]","Participant","bias_Intercept","IllusionGameValidation_S37",0.8495013875,0,0.026863425,"gam_ddm4_MullerLyer"
"234","z_3[1,38]","Participant","bias_Intercept","IllusionGameValidation_S38",0.8495013875,0,0.026863425,"gam_ddm4_MullerLyer"
"235","z_3[1,39]","Participant","bias_Intercept","IllusionGameValidation_S39",0.8495013875,0,0.026863425,"gam_ddm4_MullerLyer"
"236","z_3[1,40]","Participant","bias_Intercept","IllusionGameValidation_S40",0.8495013875,0,0.026863425,"gam_ddm4_MullerLyer"
"237","sd_4[1]","Participant","ndt_Intercept",NA,0.03068275,0.16259594485875,0.026863425,"gam_ddm4_MullerLyer"
"238","z_4[1,1]","Participant","ndt_Intercept","IllusionGameValidation_S01",0.107383225,0.636714627918217,0.026863425,"gam_ddm4_MullerLyer"
"239","z_4[1,2]","Participant","ndt_Intercept","IllusionGameValidation_S02",0.086557375,-0.488615160626803,0.026863425,"gam_ddm4_MullerLyer"
"240","z_4[1,3]","Participant","ndt_Intercept","IllusionGameValidation_S03",0.1309985,-1.39752353385812,0.026863425,"gam_ddm4_MullerLyer"
"241","z_4[1,4]","Participant","ndt_Intercept","IllusionGameValidation_S04",0.11328735,1.2443178850694,0.026863425,"gam_ddm4_MullerLyer"
"242","z_4[1,5]","Participant","ndt_Intercept","IllusionGameValidation_S05",0.128008,0.532152470415823,0.026863425,"gam_ddm4_MullerLyer"
"243","z_4[1,6]","Participant","ndt_Intercept","IllusionGameValidation_S06",0.0729443,-0.187364335108689,0.026863425,"gam_ddm4_MullerLyer"
"244","z_4[1,7]","Participant","ndt_Intercept","IllusionGameValidation_S07",0.23698475,2.06838541978805,0.026863425,"gam_ddm4_MullerLyer"
"245","z_4[1,8]","Participant","ndt_Intercept","IllusionGameValidation_S08",0.063906025,-0.339093487237701,0.026863425,"gam_ddm4_MullerLyer"
"246","z_4[1,9]","Participant","ndt_Intercept","IllusionGameValidation_S09",0.172941,1.75355554668162,0.026863425,"gam_ddm4_MullerLyer"
"247","z_4[1,10]","Participant","ndt_Intercept","IllusionGameValidation_S10",0.11009975,0.0653758853057304,0.026863425,"gam_ddm4_MullerLyer"
"248","z_4[1,11]","Participant","ndt_Intercept","IllusionGameValidation_S11",0.133064,-1.11118215571553,0.026863425,"gam_ddm4_MullerLyer"
"249","z_4[1,12]","Participant","ndt_Intercept","IllusionGameValidation_S12",0.08878145,-0.900046545231381,0.026863425,"gam_ddm4_MullerLyer"
"250","z_4[1,13]","Participant","ndt_Intercept","IllusionGameValidation_S13",0.09062745,0.950133510773939,0.026863425,"gam_ddm4_MullerLyer"
"251","z_4[1,14]","Participant","ndt_Intercept","IllusionGameValidation_S14",0.095670975,-0.397455064474105,0.026863425,"gam_ddm4_MullerLyer"
"252","z_4[1,15]","Participant","ndt_Intercept","IllusionGameValidation_S15",0.066278725,-0.17931712272184,0.026863425,"gam_ddm4_MullerLyer"
"253","z_4[1,16]","Participant","ndt_Intercept","IllusionGameValidation_S16",0.0914507,0.0218813148043651,0.026863425,"gam_ddm4_MullerLyer"
"254","z_4[1,17]","Participant","ndt_Intercept","IllusionGameValidation_S17",0.06925635,0.473385238738692,0.026863425,"gam_ddm4_MullerLyer"
"255","z_4[1,18]","Participant","ndt_Intercept","IllusionGameValidation_S18",0.06738245,-0.209406333146492,0.026863425,"gam_ddm4_MullerLyer"
"256","z_4[1,19]","Participant","ndt_Intercept","IllusionGameValidation_S19",0.095755625,-1.12265896286544,0.026863425,"gam_ddm4_MullerLyer"
"257","z_4[1,20]","Participant","ndt_Intercept","IllusionGameValidation_S20",0.069440275,-0.281894280789498,0.026863425,"gam_ddm4_MullerLyer"
"258","z_4[1,21]","Participant","ndt_Intercept","IllusionGameValidation_S21",0.10454091375,0,0.026863425,"gam_ddm4_MullerLyer"
"259","z_4[1,22]","Participant","ndt_Intercept","IllusionGameValidation_S22",0.10454091375,0,0.026863425,"gam_ddm4_MullerLyer"
"260","z_4[1,23]","Participant","ndt_Intercept","IllusionGameValidation_S23",0.10454091375,0,0.026863425,"gam_ddm4_MullerLyer"
"261","z_4[1,24]","Participant","ndt_Intercept","IllusionGameValidation_S24",0.10454091375,0,0.026863425,"gam_ddm4_MullerLyer"
"262","z_4[1,25]","Participant","ndt_Intercept","IllusionGameValidation_S25",0.10454091375,0,0.026863425,"gam_ddm4_MullerLyer"
"263","z_4[1,26]","Participant","ndt_Intercept","IllusionGameValidation_S26",0.10454091375,0,0.026863425,"gam_ddm4_MullerLyer"
"264","z_4[1,27]","Participant","ndt_Intercept","IllusionGameValidation_S27",0.10454091375,0,0.026863425,"gam_ddm4_MullerLyer"
"265","z_4[1,28]","Participant","ndt_Intercept","IllusionGameValidation_S28",0.10454091375,0,0.026863425,"gam_ddm4_MullerLyer"
"266","z_4[1,29]","Participant","ndt_Intercept","IllusionGameValidation_S29",0.10454091375,0,0.026863425,"gam_ddm4_MullerLyer"
"267","z_4[1,30]","Participant","ndt_Intercept","IllusionGameValidation_S30",0.10454091375,0,0.026863425,"gam_ddm4_MullerLyer"
"268","z_4[1,31]","Participant","ndt_Intercept","IllusionGameValidation_S31",0.10454091375,0,0.026863425,"gam_ddm4_MullerLyer"
"269","z_4[1,32]","Participant","ndt_Intercept","IllusionGameValidation_S32",0.10454091375,0,0.026863425,"gam_ddm4_MullerLyer"
"270","z_4[1,33]","Participant","ndt_Intercept","IllusionGameValidation_S33",0.10454091375,0,0.026863425,"gam_ddm4_MullerLyer"
"271","z_4[1,34]","Participant","ndt_Intercept","IllusionGameValidation_S34",0.10454091375,0,0.026863425,"gam_ddm4_MullerLyer"
"272","z_4[1,35]","Participant","ndt_Intercept","IllusionGameValidation_S35",0.10454091375,0,0.026863425,"gam_ddm4_MullerLyer"
"273","z_4[1,36]","Participant","ndt_Intercept","IllusionGameValidation_S36",0.10454091375,0,0.026863425,"gam_ddm4_MullerLyer"
"274","z_4[1,37]","Participant","ndt_Intercept","IllusionGameValidation_S37",0.10454091375,0,0.026863425,"gam_ddm4_MullerLyer"
"275","z_4[1,38]","Participant","ndt_Intercept","IllusionGameValidation_S38",0.10454091375,0,0.026863425,"gam_ddm4_MullerLyer"
"276","z_4[1,39]","Participant","ndt_Intercept","IllusionGameValidation_S39",0.10454091375,0,0.026863425,"gam_ddm4_MullerLyer"
"277","z_4[1,40]","Participant","ndt_Intercept","IllusionGameValidation_S40",0.10454091375,0,0.026863425,"gam_ddm4_MullerLyer"
"278","sd_5[1]","Participant","poutlier_Intercept",NA,1.3832825,0.655108048442812,0.026863425,"gam_ddm4_MullerLyer"
"279","z_5[1,1]","Participant","poutlier_Intercept","IllusionGameValidation_S01",0.898561,-0.362093395630018,0.026863425,"gam_ddm4_MullerLyer"
"280","z_5[1,2]","Participant","poutlier_Intercept","IllusionGameValidation_S02",0.9087015,0.695399567899978,0.026863425,"gam_ddm4_MullerLyer"
"281","z_5[1,3]","Participant","poutlier_Intercept","IllusionGameValidation_S03",0.915472,-0.292730783784311,0.026863425,"gam_ddm4_MullerLyer"
"282","z_5[1,4]","Participant","poutlier_Intercept","IllusionGameValidation_S04",0.93915175,-0.317870271965243,0.026863425,"gam_ddm4_MullerLyer"
"283","z_5[1,5]","Participant","poutlier_Intercept","IllusionGameValidation_S05",0.864138,-0.244470615119148,0.026863425,"gam_ddm4_MullerLyer"
"284","z_5[1,6]","Participant","poutlier_Intercept","IllusionGameValidation_S06",0.89134,-0.31089313741362,0.026863425,"gam_ddm4_MullerLyer"
"285","z_5[1,7]","Participant","poutlier_Intercept","IllusionGameValidation_S07",0.8701575,-0.308569436791369,0.026863425,"gam_ddm4_MullerLyer"
"286","z_5[1,8]","Participant","poutlier_Intercept","IllusionGameValidation_S08",0.90979375,-0.320505033762101,0.026863425,"gam_ddm4_MullerLyer"
"287","z_5[1,9]","Participant","poutlier_Intercept","IllusionGameValidation_S09",0.9223755,0.814406105511366,0.026863425,"gam_ddm4_MullerLyer"
"288","z_5[1,10]","Participant","poutlier_Intercept","IllusionGameValidation_S10",0.87517675,-0.289409432981059,0.026863425,"gam_ddm4_MullerLyer"
"289","z_5[1,11]","Participant","poutlier_Intercept","IllusionGameValidation_S11",0.92198625,0.537515038851334,0.026863425,"gam_ddm4_MullerLyer"
"290","z_5[1,12]","Participant","poutlier_Intercept","IllusionGameValidation_S12",0.88982975,-0.281704961057023,0.026863425,"gam_ddm4_MullerLyer"
"291","z_5[1,13]","Participant","poutlier_Intercept","IllusionGameValidation_S13",0.8703185,-0.312648887388098,0.026863425,"gam_ddm4_MullerLyer"
"292","z_5[1,14]","Participant","poutlier_Intercept","IllusionGameValidation_S14",0.9111755,-0.396471835217402,0.026863425,"gam_ddm4_MullerLyer"
"293","z_5[1,15]","Participant","poutlier_Intercept","IllusionGameValidation_S15",0.900998,-0.315803033297507,0.026863425,"gam_ddm4_MullerLyer"
"294","z_5[1,16]","Participant","poutlier_Intercept","IllusionGameValidation_S16",1.1401075,0.0710375927485208,0.026863425,"gam_ddm4_MullerLyer"
"295","z_5[1,17]","Participant","poutlier_Intercept","IllusionGameValidation_S17",0.81688975,0.336684452333754,0.026863425,"gam_ddm4_MullerLyer"
"296","z_5[1,18]","Participant","poutlier_Intercept","IllusionGameValidation_S18",0.94563525,0.128137662193278,0.026863425,"gam_ddm4_MullerLyer"
"297","z_5[1,19]","Participant","poutlier_Intercept","IllusionGameValidation_S19",0.93599875,-0.306522830387958,0.026863425,"gam_ddm4_MullerLyer"
"298","z_5[1,20]","Participant","poutlier_Intercept","IllusionGameValidation_S20",0.94590025,-0.202826294968786,0.026863425,"gam_ddm4_MullerLyer"
"299","z_5[1,21]","Participant","poutlier_Intercept","IllusionGameValidation_S21",0.9136853625,0,0.026863425,"gam_ddm4_MullerLyer"
"300","z_5[1,22]","Participant","poutlier_Intercept","IllusionGameValidation_S22",0.9136853625,0,0.026863425,"gam_ddm4_MullerLyer"
"301","z_5[1,23]","Participant","poutlier_Intercept","IllusionGameValidation_S23",0.9136853625,0,0.026863425,"gam_ddm4_MullerLyer"
"302","z_5[1,24]","Participant","poutlier_Intercept","IllusionGameValidation_S24",0.9136853625,0,0.026863425,"gam_ddm4_MullerLyer"
"303","z_5[1,25]","Participant","poutlier_Intercept","IllusionGameValidation_S25",0.9136853625,0,0.026863425,"gam_ddm4_MullerLyer"
"304","z_5[1,26]","Participant","poutlier_Intercept","IllusionGameValidation_S26",0.9136853625,0,0.026863425,"gam_ddm4_MullerLyer"
"305","z_5[1,27]","Participant","poutlier_Intercept","IllusionGameValidation_S27",0.9136853625,0,0.026863425,"gam_ddm4_MullerLyer"
"306","z_5[1,28]","Participant","poutlier_Intercept","IllusionGameValidation_S28",0.9136853625,0,0.026863425,"gam_ddm4_MullerLyer"
"307","z_5[1,29]","Participant","poutlier_Intercept","IllusionGameValidation_S29",0.9136853625,0,0.026863425,"gam_ddm4_MullerLyer"
"308","z_5[1,30]","Participant","poutlier_Intercept","IllusionGameValidation_S30",0.9136853625,0,0.026863425,"gam_ddm4_MullerLyer"
"309","z_5[1,31]","Participant","poutlier_Intercept","IllusionGameValidation_S31",0.9136853625,0,0.026863425,"gam_ddm4_MullerLyer"
"310","z_5[1,32]","Participant","poutlier_Intercept","IllusionGameValidation_S32",0.9136853625,0,0.026863425,"gam_ddm4_MullerLyer"
"311","z_5[1,33]","Participant","poutlier_Intercept","IllusionGameValidation_S33",0.9136853625,0,0.026863425,"gam_ddm4_MullerLyer"
"312","z_5[1,34]","Participant","poutlier_Intercept","IllusionGameValidation_S34",0.9136853625,0,0.026863425,"gam_ddm4_MullerLyer"
"313","z_5[1,35]","Participant","poutlier_Intercept","IllusionGameValidation_S35",0.9136853625,0,0.026863425,"gam_ddm4_MullerLyer"
"314","z_5[1,36]","Participant","poutlier_Intercept","IllusionGameValidation_S36",0.9136853625,0,0.026863425,"gam_ddm4_MullerLyer"
"315","z_5[1,37]","Participant","poutlier_Intercept","IllusionGameValidation_S37",0.9136853625,0,0.026863425,"gam_ddm4_MullerLyer"
"316","z_5[1,38]","Participant","poutlier_Intercept","IllusionGameValidation_S38",0.9136853625,0,0.026863425,"gam_ddm4_MullerLyer"
"317","z_5[1,39]","Participant","poutlier_Intercept","IllusionGameValidation_S39",0.9136853625,0,0.026863425,"gam_ddm4_MullerLyer"
"318","z_5[1,40]","Participant","poutlier_Intercept","IllusionGameValidation_S40",0.9136853625,0,0.026863425,"gam_ddm4_MullerLyer"
"319","Intercept",NA,NA,NA,0.0001585825,0.861495582016667,0.007472255,"gam_lnr_MullerLyer"
"320","bs[1]",NA,NA,NA,9.970675e-05,NA,0.007472255,"gam_lnr_MullerLyer"
"321","bs[2]",NA,NA,NA,8.05094e-05,NA,0.007472255,"gam_lnr_MullerLyer"
"322","bs[3]",NA,NA,NA,0.00010090665,NA,0.007472255,"gam_lnr_MullerLyer"
"323","zs_1_1[1]",NA,NA,NA,0.6129775,NA,0.007472255,"gam_lnr_MullerLyer"
"324","zs_1_1[2]",NA,NA,NA,0.4262125,NA,0.007472255,"gam_lnr_MullerLyer"
"325","zs_1_1[3]",NA,NA,NA,0.2711045,NA,0.007472255,"gam_lnr_MullerLyer"
"326","zs_1_1[4]",NA,NA,NA,0.3248605,NA,0.007472255,"gam_lnr_MullerLyer"
"327","zs_1_1[5]",NA,NA,NA,0.1569635,NA,0.007472255,"gam_lnr_MullerLyer"
"328","zs_1_1[6]",NA,NA,NA,0.06532715,NA,0.007472255,"gam_lnr_MullerLyer"
"329","zs_1_1[7]",NA,NA,NA,0.0705383,NA,0.007472255,"gam_lnr_MullerLyer"
"330","zs_1_1[8]",NA,NA,NA,0.2107875,NA,0.007472255,"gam_lnr_MullerLyer"
"331","zs_1_1[9]",NA,NA,NA,0.04019805,NA,0.007472255,"gam_lnr_MullerLyer"
"332","zs_1_2[1]",NA,NA,NA,0.178823,NA,0.007472255,"gam_lnr_MullerLyer"
"333","zs_1_2[2]",NA,NA,NA,0.144583,NA,0.007472255,"gam_lnr_MullerLyer"
"334","zs_1_2[3]",NA,NA,NA,0.00672931,NA,0.007472255,"gam_lnr_MullerLyer"
"335","zs_1_2[4]",NA,NA,NA,0.02196895,NA,0.007472255,"gam_lnr_MullerLyer"
"336","zs_1_2[5]",NA,NA,NA,0.1083235,NA,0.007472255,"gam_lnr_MullerLyer"
"337","zs_1_2[6]",NA,NA,NA,0.003196555,NA,0.007472255,"gam_lnr_MullerLyer"
"338","zs_1_3[1]",NA,NA,NA,0.281133,NA,0.007472255,"gam_lnr_MullerLyer"
"339","zs_1_3[2]",NA,NA,NA,0.288688,NA,0.007472255,"gam_lnr_MullerLyer"
"340","zs_1_3[3]",NA,NA,NA,0.0899375,NA,0.007472255,"gam_lnr_MullerLyer"
"341","zs_1_3[4]",NA,NA,NA,0.115234,NA,0.007472255,"gam_lnr_MullerLyer"
"342","zs_1_3[5]",NA,NA,NA,0.1916005,NA,0.007472255,"gam_lnr_MullerLyer"
"343","zs_1_3[6]",NA,NA,NA,0.0299333,NA,0.007472255,"gam_lnr_MullerLyer"
"344","sds_1[1]",NA,NA,NA,0.09312425,NA,0.007472255,"gam_lnr_MullerLyer"
"345","sds_1[2]",NA,NA,NA,0.06025345,NA,0.007472255,"gam_lnr_MullerLyer"
"346","sds_1[3]",NA,NA,NA,0.1952695,NA,0.007472255,"gam_lnr_MullerLyer"
"347","Intercept_nuone",NA,NA,NA,0.00451117,-0.991680964083333,0.007472255,"gam_lnr_MullerLyer"
"348","bs_nuone[1]",NA,NA,NA,0.005721005,NA,0.007472255,"gam_lnr_MullerLyer"
"349","bs_nuone[2]",NA,NA,NA,0.00216364,NA,0.007472255,"gam_lnr_MullerLyer"
"350","bs_nuone[3]",NA,NA,NA,0.006833675,NA,0.007472255,"gam_lnr_MullerLyer"
"351","zs_nuone_1_1[1]",NA,NA,NA,0.626789,NA,0.007472255,"gam_lnr_MullerLyer"
"352","zs_nuone_1_1[2]",NA,NA,NA,0.359287,NA,0.007472255,"gam_lnr_MullerLyer"
"353","zs_nuone_1_1[3]",NA,NA,NA,0.085517,NA,0.007472255,"gam_lnr_MullerLyer"
"354","zs_nuone_1_1[4]",NA,NA,NA,0.4488335,NA,0.007472255,"gam_lnr_MullerLyer"
"355","zs_nuone_1_1[5]",NA,NA,NA,0.2895955,NA,0.007472255,"gam_lnr_MullerLyer"
"356","zs_nuone_1_1[6]",NA,NA,NA,0.0561243,NA,0.007472255,"gam_lnr_MullerLyer"
"357","zs_nuone_1_1[7]",NA,NA,NA,0.1896525,NA,0.007472255,"gam_lnr_MullerLyer"
"358","zs_nuone_1_1[8]",NA,NA,NA,0.10097065,NA,0.007472255,"gam_lnr_MullerLyer"
"359","zs_nuone_1_1[9]",NA,NA,NA,0.0335102,NA,0.007472255,"gam_lnr_MullerLyer"
"360","zs_nuone_1_2[1]",NA,NA,NA,0.05906385,NA,0.007472255,"gam_lnr_MullerLyer"
"361","zs_nuone_1_2[2]",NA,NA,NA,0.216187,NA,0.007472255,"gam_lnr_MullerLyer"
"362","zs_nuone_1_2[3]",NA,NA,NA,0.0233461,NA,0.007472255,"gam_lnr_MullerLyer"
"363","zs_nuone_1_2[4]",NA,NA,NA,0.1594965,NA,0.007472255,"gam_lnr_MullerLyer"
"364","zs_nuone_1_2[5]",NA,NA,NA,0.09223545,NA,0.007472255,"gam_lnr_MullerLyer"
"365","zs_nuone_1_2[6]",NA,NA,NA,0.01387475,NA,0.007472255,"gam_lnr_MullerLyer"
"366","zs_nuone_1_3[1]",NA,NA,NA,0.7622905,NA,0.007472255,"gam_lnr_MullerLyer"
"367","zs_nuone_1_3[2]",NA,NA,NA,0.8011605,NA,0.007472255,"gam_lnr_MullerLyer"
"368","zs_nuone_1_3[3]",NA,NA,NA,0.5965645,NA,0.007472255,"gam_lnr_MullerLyer"
"369","zs_nuone_1_3[4]",NA,NA,NA,0.7787245,NA,0.007472255,"gam_lnr_MullerLyer"
"370","zs_nuone_1_3[5]",NA,NA,NA,0.350724,NA,0.007472255,"gam_lnr_MullerLyer"
"371","zs_nuone_1_3[6]",NA,NA,NA,0.471492,NA,0.007472255,"gam_lnr_MullerLyer"
"372","sds_nuone_1[1]",NA,NA,NA,0.09169255,NA,0.007472255,"gam_lnr_MullerLyer"
"373","sds_nuone_1[2]",NA,NA,NA,0.0546969,NA,0.007472255,"gam_lnr_MullerLyer"
"374","sds_nuone_1[3]",NA,NA,NA,0.945753,NA,0.007472255,"gam_lnr_MullerLyer"
"375","Intercept_sigmazero",NA,NA,NA,0.000179498,-0.132899559753333,0.007472255,"gam_lnr_MullerLyer"
"376","bs_sigmazero[1]",NA,NA,NA,0.000156536,NA,0.007472255,"gam_lnr_MullerLyer"
"377","bs_sigmazero[2]",NA,NA,NA,0.0001414495,NA,0.007472255,"gam_lnr_MullerLyer"
"378","bs_sigmazero[3]",NA,NA,NA,0.00017591,NA,0.007472255,"gam_lnr_MullerLyer"
"379","zs_sigmazero_1_1[1]",NA,NA,NA,0.747494,NA,0.007472255,"gam_lnr_MullerLyer"
"380","zs_sigmazero_1_1[2]",NA,NA,NA,0.459315,NA,0.007472255,"gam_lnr_MullerLyer"
"381","zs_sigmazero_1_1[3]",NA,NA,NA,0.222789,NA,0.007472255,"gam_lnr_MullerLyer"
"382","zs_sigmazero_1_1[4]",NA,NA,NA,0.5208,NA,0.007472255,"gam_lnr_MullerLyer"
"383","zs_sigmazero_1_1[5]",NA,NA,NA,0.2607155,NA,0.007472255,"gam_lnr_MullerLyer"
"384","zs_sigmazero_1_1[6]",NA,NA,NA,0.0978278,NA,0.007472255,"gam_lnr_MullerLyer"
"385","zs_sigmazero_1_1[7]",NA,NA,NA,0.1083085,NA,0.007472255,"gam_lnr_MullerLyer"
"386","zs_sigmazero_1_1[8]",NA,NA,NA,0.202014,NA,0.007472255,"gam_lnr_MullerLyer"
"387","zs_sigmazero_1_1[9]",NA,NA,NA,0.0208525,NA,0.007472255,"gam_lnr_MullerLyer"
"388","zs_sigmazero_1_2[1]",NA,NA,NA,0.237538,NA,0.007472255,"gam_lnr_MullerLyer"
"389","zs_sigmazero_1_2[2]",NA,NA,NA,0.08375095,NA,0.007472255,"gam_lnr_MullerLyer"
"390","zs_sigmazero_1_2[3]",NA,NA,NA,0.002243595,NA,0.007472255,"gam_lnr_MullerLyer"
"391","zs_sigmazero_1_2[4]",NA,NA,NA,0.07528765,NA,0.007472255,"gam_lnr_MullerLyer"
"392","zs_sigmazero_1_2[5]",NA,NA,NA,0.0512467,NA,0.007472255,"gam_lnr_MullerLyer"
"393","zs_sigmazero_1_2[6]",NA,NA,NA,0.006332235,NA,0.007472255,"gam_lnr_MullerLyer"
"394","zs_sigmazero_1_3[1]",NA,NA,NA,0.2856375,NA,0.007472255,"gam_lnr_MullerLyer"
"395","zs_sigmazero_1_3[2]",NA,NA,NA,0.3500965,NA,0.007472255,"gam_lnr_MullerLyer"
"396","zs_sigmazero_1_3[3]",NA,NA,NA,0.2395325,NA,0.007472255,"gam_lnr_MullerLyer"
"397","zs_sigmazero_1_3[4]",NA,NA,NA,0.1916115,NA,0.007472255,"gam_lnr_MullerLyer"
"398","zs_sigmazero_1_3[5]",NA,NA,NA,0.09224805,NA,0.007472255,"gam_lnr_MullerLyer"
"399","zs_sigmazero_1_3[6]",NA,NA,NA,0.03798035,NA,0.007472255,"gam_lnr_MullerLyer"
"400","sds_sigmazero_1[1]",NA,NA,NA,0.1327725,NA,0.007472255,"gam_lnr_MullerLyer"
"401","sds_sigmazero_1[2]",NA,NA,NA,0.06780615,NA,0.007472255,"gam_lnr_MullerLyer"
"402","sds_sigmazero_1[3]",NA,NA,NA,0.14833,NA,0.007472255,"gam_lnr_MullerLyer"
"403","Intercept_sigmaone",NA,NA,NA,0.001472325,0.908767083516667,0.007472255,"gam_lnr_MullerLyer"
"404","bs_sigmaone[1]",NA,NA,NA,0.00168044,NA,0.007472255,"gam_lnr_MullerLyer"
"405","bs_sigmaone[2]",NA,NA,NA,0.000662893,NA,0.007472255,"gam_lnr_MullerLyer"
"406","bs_sigmaone[3]",NA,NA,NA,0.00199486,NA,0.007472255,"gam_lnr_MullerLyer"
"407","zs_sigmaone_1_1[1]",NA,NA,NA,0.9723915,NA,0.007472255,"gam_lnr_MullerLyer"
"408","zs_sigmaone_1_1[2]",NA,NA,NA,1.0001145,NA,0.007472255,"gam_lnr_MullerLyer"
"409","zs_sigmaone_1_1[3]",NA,NA,NA,0.731857,NA,0.007472255,"gam_lnr_MullerLyer"
"410","zs_sigmaone_1_1[4]",NA,NA,NA,1.07563,NA,0.007472255,"gam_lnr_MullerLyer"
"411","zs_sigmaone_1_1[5]",NA,NA,NA,0.886207,NA,0.007472255,"gam_lnr_MullerLyer"
"412","zs_sigmaone_1_1[6]",NA,NA,NA,0.757949,NA,0.007472255,"gam_lnr_MullerLyer"
"413","zs_sigmaone_1_1[7]",NA,NA,NA,0.8633015,NA,0.007472255,"gam_lnr_MullerLyer"
"414","zs_sigmaone_1_1[8]",NA,NA,NA,0.8405335,NA,0.007472255,"gam_lnr_MullerLyer"
"415","zs_sigmaone_1_1[9]",NA,NA,NA,0.632015,NA,0.007472255,"gam_lnr_MullerLyer"
"416","zs_sigmaone_1_2[1]",NA,NA,NA,0.0632537,NA,0.007472255,"gam_lnr_MullerLyer"
"417","zs_sigmaone_1_2[2]",NA,NA,NA,0.1857625,NA,0.007472255,"gam_lnr_MullerLyer"
"418","zs_sigmaone_1_2[3]",NA,NA,NA,0.010756025,NA,0.007472255,"gam_lnr_MullerLyer"
"419","zs_sigmaone_1_2[4]",NA,NA,NA,0.270418,NA,0.007472255,"gam_lnr_MullerLyer"
"420","zs_sigmaone_1_2[5]",NA,NA,NA,0.0506276,NA,0.007472255,"gam_lnr_MullerLyer"
"421","zs_sigmaone_1_2[6]",NA,NA,NA,0.0137774,NA,0.007472255,"gam_lnr_MullerLyer"
"422","zs_sigmaone_1_3[1]",NA,NA,NA,0.7643415,NA,0.007472255,"gam_lnr_MullerLyer"
"423","zs_sigmaone_1_3[2]",NA,NA,NA,0.973859,NA,0.007472255,"gam_lnr_MullerLyer"
"424","zs_sigmaone_1_3[3]",NA,NA,NA,0.773294,NA,0.007472255,"gam_lnr_MullerLyer"
"425","zs_sigmaone_1_3[4]",NA,NA,NA,0.9197705,NA,0.007472255,"gam_lnr_MullerLyer"
"426","zs_sigmaone_1_3[5]",NA,NA,NA,0.617108,NA,0.007472255,"gam_lnr_MullerLyer"
"427","zs_sigmaone_1_3[6]",NA,NA,NA,0.7201735,NA,0.007472255,"gam_lnr_MullerLyer"
"428","sds_sigmaone_1[1]",NA,NA,NA,1.24265,NA,0.007472255,"gam_lnr_MullerLyer"
"429","sds_sigmaone_1[2]",NA,NA,NA,0.06624225,NA,0.007472255,"gam_lnr_MullerLyer"
"430","sds_sigmaone_1[3]",NA,NA,NA,1.45964,NA,0.007472255,"gam_lnr_MullerLyer"
"431","Intercept_ndt",NA,NA,NA,2.442445e-05,-1.01199325928333,0.007472255,"gam_lnr_MullerLyer"
"432","bs_ndt[1]",NA,NA,NA,1.580475e-05,NA,0.007472255,"gam_lnr_MullerLyer"
"433","bs_ndt[2]",NA,NA,NA,1.602625e-05,NA,0.007472255,"gam_lnr_MullerLyer"
"434","bs_ndt[3]",NA,NA,NA,1.899355e-05,NA,0.007472255,"gam_lnr_MullerLyer"
"435","zs_ndt_1_1[1]",NA,NA,NA,0.373029,NA,0.007472255,"gam_lnr_MullerLyer"
"436","zs_ndt_1_1[2]",NA,NA,NA,0.1417145,NA,0.007472255,"gam_lnr_MullerLyer"
"437","zs_ndt_1_1[3]",NA,NA,NA,0.06534165,NA,0.007472255,"gam_lnr_MullerLyer"
"438","zs_ndt_1_1[4]",NA,NA,NA,0.327703,NA,0.007472255,"gam_lnr_MullerLyer"
"439","zs_ndt_1_1[5]",NA,NA,NA,0.1058541,NA,0.007472255,"gam_lnr_MullerLyer"
"440","zs_ndt_1_1[6]",NA,NA,NA,0.0212374,NA,0.007472255,"gam_lnr_MullerLyer"
"441","zs_ndt_1_1[7]",NA,NA,NA,0.0309214,NA,0.007472255,"gam_lnr_MullerLyer"
"442","zs_ndt_1_1[8]",NA,NA,NA,0.05234635,NA,0.007472255,"gam_lnr_MullerLyer"
"443","zs_ndt_1_1[9]",NA,NA,NA,0.00467164,NA,0.007472255,"gam_lnr_MullerLyer"
"444","zs_ndt_1_2[1]",NA,NA,NA,0.0285273,NA,0.007472255,"gam_lnr_MullerLyer"
"445","zs_ndt_1_2[2]",NA,NA,NA,0.01498275,NA,0.007472255,"gam_lnr_MullerLyer"
"446","zs_ndt_1_2[3]",NA,NA,NA,0.003380855,NA,0.007472255,"gam_lnr_MullerLyer"
"447","zs_ndt_1_2[4]",NA,NA,NA,0.414337,NA,0.007472255,"gam_lnr_MullerLyer"
"448","zs_ndt_1_2[5]",NA,NA,NA,0.01664705,NA,0.007472255,"gam_lnr_MullerLyer"
"449","zs_ndt_1_2[6]",NA,NA,NA,0.0124044,NA,0.007472255,"gam_lnr_MullerLyer"
"450","zs_ndt_1_3[1]",NA,NA,NA,0.418791,NA,0.007472255,"gam_lnr_MullerLyer"
"451","zs_ndt_1_3[2]",NA,NA,NA,0.5337325,NA,0.007472255,"gam_lnr_MullerLyer"
"452","zs_ndt_1_3[3]",NA,NA,NA,0.2956545,NA,0.007472255,"gam_lnr_MullerLyer"
"453","zs_ndt_1_3[4]",NA,NA,NA,0.368503,NA,0.007472255,"gam_lnr_MullerLyer"
"454","zs_ndt_1_3[5]",NA,NA,NA,0.06168715,NA,0.007472255,"gam_lnr_MullerLyer"
"455","zs_ndt_1_3[6]",NA,NA,NA,0.3337655,NA,0.007472255,"gam_lnr_MullerLyer"
"456","sds_ndt_1[1]",NA,NA,NA,0.0996222,NA,0.007472255,"gam_lnr_MullerLyer"
"457","sds_ndt_1[2]",NA,NA,NA,0.104043,NA,0.007472255,"gam_lnr_MullerLyer"
"458","sds_ndt_1[3]",NA,NA,NA,0.174099,NA,0.007472255,"gam_lnr_MullerLyer"
"459","Intercept_poutlier",NA,NA,NA,0.01019091,-6.93168432483333,0.007472255,"gam_lnr_MullerLyer"
"460","sd_1[1]","Participant","Intercept",NA,0.000269541,0.365327271133333,0.007472255,"gam_lnr_MullerLyer"
"461","z_1[1,1]","Participant","Intercept","IllusionGameValidation_S01",0.05353975,-1.12250978096385,0.007472255,"gam_lnr_MullerLyer"
"462","z_1[1,2]","Participant","Intercept","IllusionGameValidation_S02",0.04583615,1.61208069175795,0.007472255,"gam_lnr_MullerLyer"
"463","z_1[1,3]","Participant","Intercept","IllusionGameValidation_S03",0.0423726,0.352840436623526,0.007472255,"gam_lnr_MullerLyer"
"464","z_1[1,4]","Participant","Intercept","IllusionGameValidation_S04",0.0580977,-0.336602121025624,0.007472255,"gam_lnr_MullerLyer"
"465","z_1[1,5]","Participant","Intercept","IllusionGameValidation_S05",0.06236515,-1.31229138190552,0.007472255,"gam_lnr_MullerLyer"
"466","z_1[1,6]","Participant","Intercept","IllusionGameValidation_S06",0.056334,0.39896443487554,0.007472255,"gam_lnr_MullerLyer"
"467","z_1[1,7]","Participant","Intercept","IllusionGameValidation_S07",0.07163935,-2.2796808022289,0.007472255,"gam_lnr_MullerLyer"
"468","z_1[1,8]","Participant","Intercept","IllusionGameValidation_S08",0.0278758,1.42569632141306,0.007472255,"gam_lnr_MullerLyer"
"469","z_1[1,9]","Participant","Intercept","IllusionGameValidation_S09",0.07690165,-1.49421684450188,0.007472255,"gam_lnr_MullerLyer"
"470","z_1[1,10]","Participant","Intercept","IllusionGameValidation_S10",0.0658351,-0.648084111458487,0.007472255,"gam_lnr_MullerLyer"
"471","z_1[1,11]","Participant","Intercept","IllusionGameValidation_S11",0.07760695,-0.362797092933084,0.007472255,"gam_lnr_MullerLyer"
"472","z_1[1,12]","Participant","Intercept","IllusionGameValidation_S12",0.0499113,1.17081718164576,0.007472255,"gam_lnr_MullerLyer"
"473","z_1[1,13]","Participant","Intercept","IllusionGameValidation_S13",0.0727119,-0.0147072386116019,0.007472255,"gam_lnr_MullerLyer"
"474","z_1[1,14]","Participant","Intercept","IllusionGameValidation_S14",0.0520002,-0.965160123527466,0.007472255,"gam_lnr_MullerLyer"
"475","z_1[1,15]","Participant","Intercept","IllusionGameValidation_S15",0.03329665,0.558823290273404,0.007472255,"gam_lnr_MullerLyer"
"476","z_1[1,16]","Participant","Intercept","IllusionGameValidation_S16",0.04060115,0.619311325749869,0.007472255,"gam_lnr_MullerLyer"
"477","z_1[1,17]","Participant","Intercept","IllusionGameValidation_S17",0.03705125,0.446725215430021,0.007472255,"gam_lnr_MullerLyer"
"478","z_1[1,18]","Participant","Intercept","IllusionGameValidation_S18",0.0741103,0.986679049668982,0.007472255,"gam_lnr_MullerLyer"
"479","z_1[1,19]","Participant","Intercept","IllusionGameValidation_S19",0.03917335,2.16201747326367,0.007472255,"gam_lnr_MullerLyer"
"480","z_1[1,20]","Participant","Intercept","IllusionGameValidation_S20",0.04888585,1.16364324143629,0.007472255,"gam_lnr_MullerLyer"
"481","z_1[1,21]","Participant","Intercept","IllusionGameValidation_S21",0.034323,1.41268516030104,0.007472255,"gam_lnr_MullerLyer"
"482","z_1[1,22]","Participant","Intercept","IllusionGameValidation_S22",0.2357615,-1.37363468657353,0.007472255,"gam_lnr_MullerLyer"
"483","z_1[1,23]","Participant","Intercept","IllusionGameValidation_S23",0.0374468,-0.00511214042039505,0.007472255,"gam_lnr_MullerLyer"
"484","z_1[1,24]","Participant","Intercept","IllusionGameValidation_S24",0.05263305,-0.577820225494355,0.007472255,"gam_lnr_MullerLyer"
"485","z_1[1,25]","Participant","Intercept","IllusionGameValidation_S25",0.09251615,-1.3404573200375,0.007472255,"gam_lnr_MullerLyer"
"486","z_1[1,26]","Participant","Intercept","IllusionGameValidation_S26",0.13378,0.677300323864115,0.007472255,"gam_lnr_MullerLyer"
"487","z_1[1,27]","Participant","Intercept","IllusionGameValidation_S27",0.0458616,-1.03341994297001,0.007472255,"gam_lnr_MullerLyer"
"488","z_1[1,28]","Participant","Intercept","IllusionGameValidation_S28",0.1216035,-1.30182311501484,0.007472255,"gam_lnr_MullerLyer"
"489","z_1[1,29]","Participant","Intercept","IllusionGameValidation_S29",0.040202,-0.137369560397347,0.007472255,"gam_lnr_MullerLyer"
"490","z_1[1,30]","Participant","Intercept","IllusionGameValidation_S30",0.080881,-3.39517764195958,0.007472255,"gam_lnr_MullerLyer"
"491","z_1[1,31]","Participant","Intercept","IllusionGameValidation_S31",0.04640325,-2.26151875988785,0.007472255,"gam_lnr_MullerLyer"
"492","z_1[1,32]","Participant","Intercept","IllusionGameValidation_S32",0.0486143,0.538352761577266,0.007472255,"gam_lnr_MullerLyer"
"493","z_1[1,33]","Participant","Intercept","IllusionGameValidation_S33",0.04103685,-0.890249649684561,0.007472255,"gam_lnr_MullerLyer"
"494","z_1[1,34]","Participant","Intercept","IllusionGameValidation_S34",0.05538215,0.318300324771885,0.007472255,"gam_lnr_MullerLyer"
"495","z_1[1,35]","Participant","Intercept","IllusionGameValidation_S35",0.07646145,-1.29764579549728,0.007472255,"gam_lnr_MullerLyer"
"496","z_1[1,36]","Participant","Intercept","IllusionGameValidation_S36",0.0510576,0.25131105094832,0.007472255,"gam_lnr_MullerLyer"
"497","z_1[1,37]","Participant","Intercept","IllusionGameValidation_S37",0.0514284,-0.612528856130333,0.007472255,"gam_lnr_MullerLyer"
"498","z_1[1,38]","Participant","Intercept","IllusionGameValidation_S38",0.0503579,0.036211531643514,0.007472255,"gam_lnr_MullerLyer"
"499","z_1[1,39]","Participant","Intercept","IllusionGameValidation_S39",0.06151715,0.334737042188998,0.007472255,"gam_lnr_MullerLyer"
"500","z_1[1,40]","Participant","Intercept","IllusionGameValidation_S40",0.0536401,1.02612753819442,0.007472255,"gam_lnr_MullerLyer"
"501","sd_2[1]","Participant","nuone_Intercept",NA,0.000214196,0.61927406035,0.007472255,"gam_lnr_MullerLyer"
"502","z_2[1,1]","Participant","nuone_Intercept","IllusionGameValidation_S01",0.04588705,-1.08919859636746,0.007472255,"gam_lnr_MullerLyer"
"503","z_2[1,2]","Participant","nuone_Intercept","IllusionGameValidation_S02",0.0716348,0.728080064612005,0.007472255,"gam_lnr_MullerLyer"
"504","z_2[1,3]","Participant","nuone_Intercept","IllusionGameValidation_S03",0.05176065,0.318794071798635,0.007472255,"gam_lnr_MullerLyer"
"505","z_2[1,4]","Participant","nuone_Intercept","IllusionGameValidation_S04",0.0480145,0.0331704315072775,0.007472255,"gam_lnr_MullerLyer"
"506","z_2[1,5]","Participant","nuone_Intercept","IllusionGameValidation_S05",0.0678556,-1.88623562189868,0.007472255,"gam_lnr_MullerLyer"
"507","z_2[1,6]","Participant","nuone_Intercept","IllusionGameValidation_S06",0.07442545,0.29583883110932,0.007472255,"gam_lnr_MullerLyer"
"508","z_2[1,7]","Participant","nuone_Intercept","IllusionGameValidation_S07",0.054646,-2.3977972124772,0.007472255,"gam_lnr_MullerLyer"
"509","z_2[1,8]","Participant","nuone_Intercept","IllusionGameValidation_S08",0.04484865,1.61080447998455,0.007472255,"gam_lnr_MullerLyer"
"510","z_2[1,9]","Participant","nuone_Intercept","IllusionGameValidation_S09",0.05949885,-1.47985178616296,0.007472255,"gam_lnr_MullerLyer"
"511","z_2[1,10]","Participant","nuone_Intercept","IllusionGameValidation_S10",0.06847075,-1.1702955643856,0.007472255,"gam_lnr_MullerLyer"
"512","z_2[1,11]","Participant","nuone_Intercept","IllusionGameValidation_S11",0.0570933,-0.504943946232146,0.007472255,"gam_lnr_MullerLyer"
"513","z_2[1,12]","Participant","nuone_Intercept","IllusionGameValidation_S12",0.0438565,1.39978401414081,0.007472255,"gam_lnr_MullerLyer"
"514","z_2[1,13]","Participant","nuone_Intercept","IllusionGameValidation_S13",0.03674325,0.0569956207997821,0.007472255,"gam_lnr_MullerLyer"
"515","z_2[1,14]","Participant","nuone_Intercept","IllusionGameValidation_S14",0.0482019,-0.579579866522231,0.007472255,"gam_lnr_MullerLyer"
"516","z_2[1,15]","Participant","nuone_Intercept","IllusionGameValidation_S15",0.08173855,0.0722513761105145,0.007472255,"gam_lnr_MullerLyer"
"517","z_2[1,16]","Participant","nuone_Intercept","IllusionGameValidation_S16",0.03975315,0.358359967608537,0.007472255,"gam_lnr_MullerLyer"
"518","z_2[1,17]","Participant","nuone_Intercept","IllusionGameValidation_S17",0.03131085,0.742196729840255,0.007472255,"gam_lnr_MullerLyer"
"519","z_2[1,18]","Participant","nuone_Intercept","IllusionGameValidation_S18",0.07605425,0.235392087720601,0.007472255,"gam_lnr_MullerLyer"
"520","z_2[1,19]","Participant","nuone_Intercept","IllusionGameValidation_S19",0.0337755,1.84004404273393,0.007472255,"gam_lnr_MullerLyer"
"521","z_2[1,20]","Participant","nuone_Intercept","IllusionGameValidation_S20",0.04319805,1.12823486086561,0.007472255,"gam_lnr_MullerLyer"
"522","z_2[1,21]","Participant","nuone_Intercept","IllusionGameValidation_S21",0.05019475,1.41351865667564,0.007472255,"gam_lnr_MullerLyer"
"523","z_2[1,22]","Participant","nuone_Intercept","IllusionGameValidation_S22",0.07046235,-0.466062732912253,0.007472255,"gam_lnr_MullerLyer"
"524","z_2[1,23]","Participant","nuone_Intercept","IllusionGameValidation_S23",0.07457085,-0.637241748875232,0.007472255,"gam_lnr_MullerLyer"
"525","z_2[1,24]","Participant","nuone_Intercept","IllusionGameValidation_S24",0.04249405,-0.726553681836826,0.007472255,"gam_lnr_MullerLyer"
"526","z_2[1,25]","Participant","nuone_Intercept","IllusionGameValidation_S25",0.0839403,-0.108744178889582,0.007472255,"gam_lnr_MullerLyer"
"527","z_2[1,26]","Participant","nuone_Intercept","IllusionGameValidation_S26",0.0693335,0.177674182370237,0.007472255,"gam_lnr_MullerLyer"
"528","z_2[1,27]","Participant","nuone_Intercept","IllusionGameValidation_S27",0.04071935,-0.0773783113028357,0.007472255,"gam_lnr_MullerLyer"
"529","z_2[1,28]","Participant","nuone_Intercept","IllusionGameValidation_S28",0.1286465,0.0638735309517797,0.007472255,"gam_lnr_MullerLyer"
"530","z_2[1,29]","Participant","nuone_Intercept","IllusionGameValidation_S29",0.05004265,-0.535400219412188,0.007472255,"gam_lnr_MullerLyer"
"531","z_2[1,30]","Participant","nuone_Intercept","IllusionGameValidation_S30",0.07111345,-3.67287850640446,0.007472255,"gam_lnr_MullerLyer"
"532","z_2[1,31]","Participant","nuone_Intercept","IllusionGameValidation_S31",0.05934885,-1.96560591944602,0.007472255,"gam_lnr_MullerLyer"
"533","z_2[1,32]","Participant","nuone_Intercept","IllusionGameValidation_S32",0.0482849,0.993527681781039,0.007472255,"gam_lnr_MullerLyer"
"534","z_2[1,33]","Participant","nuone_Intercept","IllusionGameValidation_S33",0.0493248,-0.58495449662023,0.007472255,"gam_lnr_MullerLyer"
"535","z_2[1,34]","Participant","nuone_Intercept","IllusionGameValidation_S34",0.0680435,0.495883531524864,0.007472255,"gam_lnr_MullerLyer"
"536","z_2[1,35]","Participant","nuone_Intercept","IllusionGameValidation_S35",0.06994405,-0.977125638592612,0.007472255,"gam_lnr_MullerLyer"
"537","z_2[1,36]","Participant","nuone_Intercept","IllusionGameValidation_S36",0.0375605,-0.012336064173877,0.007472255,"gam_lnr_MullerLyer"
"538","z_2[1,37]","Participant","nuone_Intercept","IllusionGameValidation_S37",0.06482155,-0.501008467796386,0.007472255,"gam_lnr_MullerLyer"
"539","z_2[1,38]","Participant","nuone_Intercept","IllusionGameValidation_S38",0.0532856,0.0482134761240771,0.007472255,"gam_lnr_MullerLyer"
"540","z_2[1,39]","Participant","nuone_Intercept","IllusionGameValidation_S39",0.0524191,0.635593776359493,0.007472255,"gam_lnr_MullerLyer"
"541","z_2[1,40]","Participant","nuone_Intercept","IllusionGameValidation_S40",0.0615372,0.328714587587548,0.007472255,"gam_lnr_MullerLyer"
"542","sd_3[1]","Participant","sigmazero_Intercept",NA,0.0003487035,0.2539490873,0.007472255,"gam_lnr_MullerLyer"
"543","z_3[1,1]","Participant","sigmazero_Intercept","IllusionGameValidation_S01",0.215033,-0.920767323508707,0.007472255,"gam_lnr_MullerLyer"
"544","z_3[1,2]","Participant","sigmazero_Intercept","IllusionGameValidation_S02",0.160656,-0.535559525848051,0.007472255,"gam_lnr_MullerLyer"
"545","z_3[1,3]","Participant","sigmazero_Intercept","IllusionGameValidation_S03",0.1807285,-0.615446396743294,0.007472255,"gam_lnr_MullerLyer"
"546","z_3[1,4]","Participant","sigmazero_Intercept","IllusionGameValidation_S04",0.209196,-0.230093478318695,0.007472255,"gam_lnr_MullerLyer"
"547","z_3[1,5]","Participant","sigmazero_Intercept","IllusionGameValidation_S05",0.172665,0.676792253832671,0.007472255,"gam_lnr_MullerLyer"
"548","z_3[1,6]","Participant","sigmazero_Intercept","IllusionGameValidation_S06",0.203086,-0.0447093542066453,0.007472255,"gam_lnr_MullerLyer"
"549","z_3[1,7]","Participant","sigmazero_Intercept","IllusionGameValidation_S07",0.2321325,-1.1079967716525,0.007472255,"gam_lnr_MullerLyer"
"550","z_3[1,8]","Participant","sigmazero_Intercept","IllusionGameValidation_S08",0.1394205,-1.4517442712161,0.007472255,"gam_lnr_MullerLyer"
"551","z_3[1,9]","Participant","sigmazero_Intercept","IllusionGameValidation_S09",0.1734775,1.09192329244624,0.007472255,"gam_lnr_MullerLyer"
"552","z_3[1,10]","Participant","sigmazero_Intercept","IllusionGameValidation_S10",0.22656,0.25830812841787,0.007472255,"gam_lnr_MullerLyer"
"553","z_3[1,11]","Participant","sigmazero_Intercept","IllusionGameValidation_S11",0.1901425,1.42304908613993,0.007472255,"gam_lnr_MullerLyer"
"554","z_3[1,12]","Participant","sigmazero_Intercept","IllusionGameValidation_S12",0.2067395,0.307548473762579,0.007472255,"gam_lnr_MullerLyer"
"555","z_3[1,13]","Participant","sigmazero_Intercept","IllusionGameValidation_S13",0.2950655,-1.45915872724488,0.007472255,"gam_lnr_MullerLyer"
"556","z_3[1,14]","Participant","sigmazero_Intercept","IllusionGameValidation_S14",0.2171145,-0.00973944691156998,0.007472255,"gam_lnr_MullerLyer"
"557","z_3[1,15]","Participant","sigmazero_Intercept","IllusionGameValidation_S15",0.1247155,0.379485285627565,0.007472255,"gam_lnr_MullerLyer"
"558","z_3[1,16]","Participant","sigmazero_Intercept","IllusionGameValidation_S16",0.1574285,-0.435244533456792,0.007472255,"gam_lnr_MullerLyer"
"559","z_3[1,17]","Participant","sigmazero_Intercept","IllusionGameValidation_S17",0.1740245,-1.1793155449339,0.007472255,"gam_lnr_MullerLyer"
"560","z_3[1,18]","Participant","sigmazero_Intercept","IllusionGameValidation_S18",0.1714255,-0.209669767617609,0.007472255,"gam_lnr_MullerLyer"
"561","z_3[1,19]","Participant","sigmazero_Intercept","IllusionGameValidation_S19",0.206215,-1.23168423794594,0.007472255,"gam_lnr_MullerLyer"
"562","z_3[1,20]","Participant","sigmazero_Intercept","IllusionGameValidation_S20",0.234329,-1.21375490419939,0.007472255,"gam_lnr_MullerLyer"
"563","z_3[1,21]","Participant","sigmazero_Intercept","IllusionGameValidation_S21",0.160752,-1.54942316125951,0.007472255,"gam_lnr_MullerLyer"
"564","z_3[1,22]","Participant","sigmazero_Intercept","IllusionGameValidation_S22",0.294997,2.0178348763125,0.007472255,"gam_lnr_MullerLyer"
"565","z_3[1,23]","Participant","sigmazero_Intercept","IllusionGameValidation_S23",0.145201,-0.329237156146495,0.007472255,"gam_lnr_MullerLyer"
"566","z_3[1,24]","Participant","sigmazero_Intercept","IllusionGameValidation_S24",0.170199,1.09622793150449,0.007472255,"gam_lnr_MullerLyer"
"567","z_3[1,25]","Participant","sigmazero_Intercept","IllusionGameValidation_S25",0.2107905,2.70179197778646,0.007472255,"gam_lnr_MullerLyer"
"568","z_3[1,26]","Participant","sigmazero_Intercept","IllusionGameValidation_S26",0.364114,-0.74497691678744,0.007472255,"gam_lnr_MullerLyer"
"569","z_3[1,27]","Participant","sigmazero_Intercept","IllusionGameValidation_S27",0.165106,0.609788979475428,0.007472255,"gam_lnr_MullerLyer"
"570","z_3[1,28]","Participant","sigmazero_Intercept","IllusionGameValidation_S28",0.2517885,2.48903690212239,0.007472255,"gam_lnr_MullerLyer"
"571","z_3[1,29]","Participant","sigmazero_Intercept","IllusionGameValidation_S29",0.171957,-1.14899123827185,0.007472255,"gam_lnr_MullerLyer"
"572","z_3[1,30]","Participant","sigmazero_Intercept","IllusionGameValidation_S30",0.2190945,1.06091282802968,0.007472255,"gam_lnr_MullerLyer"
"573","z_3[1,31]","Participant","sigmazero_Intercept","IllusionGameValidation_S31",0.202315,0.147171605302057,0.007472255,"gam_lnr_MullerLyer"
"574","z_3[1,32]","Participant","sigmazero_Intercept","IllusionGameValidation_S32",0.1972515,0.309428971661708,0.007472255,"gam_lnr_MullerLyer"
"575","z_3[1,33]","Participant","sigmazero_Intercept","IllusionGameValidation_S33",0.17177,0.0407310267213024,0.007472255,"gam_lnr_MullerLyer"
"576","z_3[1,34]","Participant","sigmazero_Intercept","IllusionGameValidation_S34",0.184578,1.46789318197588,0.007472255,"gam_lnr_MullerLyer"
"577","z_3[1,35]","Participant","sigmazero_Intercept","IllusionGameValidation_S35",0.1707755,1.69317500464984,0.007472255,"gam_lnr_MullerLyer"
"578","z_3[1,36]","Participant","sigmazero_Intercept","IllusionGameValidation_S36",0.2016315,-1.07944615211329,0.007472255,"gam_lnr_MullerLyer"
"579","z_3[1,37]","Participant","sigmazero_Intercept","IllusionGameValidation_S37",0.1953255,-0.0202600671367262,0.007472255,"gam_lnr_MullerLyer"
"580","z_3[1,38]","Participant","sigmazero_Intercept","IllusionGameValidation_S38",0.150927,0.997983695024159,0.007472255,"gam_lnr_MullerLyer"
"581","z_3[1,39]","Participant","sigmazero_Intercept","IllusionGameValidation_S39",0.2097355,-0.895925332108882,0.007472255,"gam_lnr_MullerLyer"
"582","z_3[1,40]","Participant","sigmazero_Intercept","IllusionGameValidation_S40",0.179483,0.704966551792171,0.007472255,"gam_lnr_MullerLyer"
"583","sd_4[1]","Participant","sigmaone_Intercept",NA,0.000501432,0.269540534783333,0.007472255,"gam_lnr_MullerLyer"
"584","z_4[1,1]","Participant","sigmaone_Intercept","IllusionGameValidation_S01",0.3255245,-0.914457336133626,0.007472255,"gam_lnr_MullerLyer"
"585","z_4[1,2]","Participant","sigmaone_Intercept","IllusionGameValidation_S02",0.336948,0.414085402397629,0.007472255,"gam_lnr_MullerLyer"
"586","z_4[1,3]","Participant","sigmaone_Intercept","IllusionGameValidation_S03",0.344807,0.231465269983359,0.007472255,"gam_lnr_MullerLyer"
"587","z_4[1,4]","Participant","sigmaone_Intercept","IllusionGameValidation_S04",0.28928,-0.170257538691064,0.007472255,"gam_lnr_MullerLyer"
"588","z_4[1,5]","Participant","sigmaone_Intercept","IllusionGameValidation_S05",0.315161,0.731022340522443,0.007472255,"gam_lnr_MullerLyer"
"589","z_4[1,6]","Participant","sigmaone_Intercept","IllusionGameValidation_S06",0.3704795,0.562738455150515,0.007472255,"gam_lnr_MullerLyer"
"590","z_4[1,7]","Participant","sigmaone_Intercept","IllusionGameValidation_S07",0.388149,-0.768247673088528,0.007472255,"gam_lnr_MullerLyer"
"591","z_4[1,8]","Participant","sigmaone_Intercept","IllusionGameValidation_S08",0.3102775,-0.750842376047506,0.007472255,"gam_lnr_MullerLyer"
"592","z_4[1,9]","Participant","sigmaone_Intercept","IllusionGameValidation_S09",0.386835,-0.0645120580796105,0.007472255,"gam_lnr_MullerLyer"
"593","z_4[1,10]","Participant","sigmaone_Intercept","IllusionGameValidation_S10",0.328494,0.502546451201864,0.007472255,"gam_lnr_MullerLyer"
"594","z_4[1,11]","Participant","sigmaone_Intercept","IllusionGameValidation_S11",0.318127,0.0109482692274978,0.007472255,"gam_lnr_MullerLyer"
"595","z_4[1,12]","Participant","sigmaone_Intercept","IllusionGameValidation_S12",0.2968245,-0.52761525665747,0.007472255,"gam_lnr_MullerLyer"
"596","z_4[1,13]","Participant","sigmaone_Intercept","IllusionGameValidation_S13",0.3721565,-1.6662726584248,0.007472255,"gam_lnr_MullerLyer"
"597","z_4[1,14]","Participant","sigmaone_Intercept","IllusionGameValidation_S14",0.286222,-0.375653041226588,0.007472255,"gam_lnr_MullerLyer"
"598","z_4[1,15]","Participant","sigmaone_Intercept","IllusionGameValidation_S15",0.399464,1.52089158802167,0.007472255,"gam_lnr_MullerLyer"
"599","z_4[1,16]","Participant","sigmaone_Intercept","IllusionGameValidation_S16",0.315313,-0.703297351079178,0.007472255,"gam_lnr_MullerLyer"
"600","z_4[1,17]","Participant","sigmaone_Intercept","IllusionGameValidation_S17",0.338988,-1.92755828924817,0.007472255,"gam_lnr_MullerLyer"
"601","z_4[1,18]","Participant","sigmaone_Intercept","IllusionGameValidation_S18",0.4029575,0.499303243824344,0.007472255,"gam_lnr_MullerLyer"
"602","z_4[1,19]","Participant","sigmaone_Intercept","IllusionGameValidation_S19",0.2709865,-2.06835315562021,0.007472255,"gam_lnr_MullerLyer"
"603","z_4[1,20]","Participant","sigmaone_Intercept","IllusionGameValidation_S20",0.2983875,-0.883829285638477,0.007472255,"gam_lnr_MullerLyer"
"604","z_4[1,21]","Participant","sigmaone_Intercept","IllusionGameValidation_S21",0.3053335,-0.555959832335143,0.007472255,"gam_lnr_MullerLyer"
"605","z_4[1,22]","Participant","sigmaone_Intercept","IllusionGameValidation_S22",0.366944,1.41094693486036,0.007472255,"gam_lnr_MullerLyer"
"606","z_4[1,23]","Participant","sigmaone_Intercept","IllusionGameValidation_S23",0.3611285,0.963203438884844,0.007472255,"gam_lnr_MullerLyer"
"607","z_4[1,24]","Participant","sigmaone_Intercept","IllusionGameValidation_S24",0.301989,-0.7030620632029,0.007472255,"gam_lnr_MullerLyer"
"608","z_4[1,25]","Participant","sigmaone_Intercept","IllusionGameValidation_S25",0.256609,1.71320927923214,0.007472255,"gam_lnr_MullerLyer"
"609","z_4[1,26]","Participant","sigmaone_Intercept","IllusionGameValidation_S26",0.367779,0.325120233857316,0.007472255,"gam_lnr_MullerLyer"
"610","z_4[1,27]","Participant","sigmaone_Intercept","IllusionGameValidation_S27",0.256334,-0.0537246192609719,0.007472255,"gam_lnr_MullerLyer"
"611","z_4[1,28]","Participant","sigmaone_Intercept","IllusionGameValidation_S28",0.408571,1.83635261487804,0.007472255,"gam_lnr_MullerLyer"
"612","z_4[1,29]","Participant","sigmaone_Intercept","IllusionGameValidation_S29",0.3529575,0.140066945915752,0.007472255,"gam_lnr_MullerLyer"
"613","z_4[1,30]","Participant","sigmaone_Intercept","IllusionGameValidation_S30",0.3586995,0.568684311919535,0.007472255,"gam_lnr_MullerLyer"
"614","z_4[1,31]","Participant","sigmaone_Intercept","IllusionGameValidation_S31",0.299309,0.908833079216627,0.007472255,"gam_lnr_MullerLyer"
"615","z_4[1,32]","Participant","sigmaone_Intercept","IllusionGameValidation_S32",0.2528425,-0.849392050768424,0.007472255,"gam_lnr_MullerLyer"
"616","z_4[1,33]","Participant","sigmaone_Intercept","IllusionGameValidation_S33",0.288138,-0.158849499833921,0.007472255,"gam_lnr_MullerLyer"
"617","z_4[1,34]","Participant","sigmaone_Intercept","IllusionGameValidation_S34",0.322005,0.99517091546838,0.007472255,"gam_lnr_MullerLyer"
"618","z_4[1,35]","Participant","sigmaone_Intercept","IllusionGameValidation_S35",0.300621,1.37982696535778,0.007472255,"gam_lnr_MullerLyer"
"619","z_4[1,36]","Participant","sigmaone_Intercept","IllusionGameValidation_S36",0.337141,-0.797710019896953,0.007472255,"gam_lnr_MullerLyer"
"620","z_4[1,37]","Participant","sigmaone_Intercept","IllusionGameValidation_S37",0.328876,0.813971242580553,0.007472255,"gam_lnr_MullerLyer"
"621","z_4[1,38]","Participant","sigmaone_Intercept","IllusionGameValidation_S38",0.3220445,0.442932896968362,0.007472255,"gam_lnr_MullerLyer"
"622","z_4[1,39]","Participant","sigmaone_Intercept","IllusionGameValidation_S39",0.266253,0.186680690064412,0.007472255,"gam_lnr_MullerLyer"
"623","z_4[1,40]","Participant","sigmaone_Intercept","IllusionGameValidation_S40",0.289147,1.05781952455634,0.007472255,"gam_lnr_MullerLyer"
"624","sd_5[1]","Participant","ndt_Intercept",NA,0.000275279,0.14043789395,0.007472255,"gam_lnr_MullerLyer"
"625","z_5[1,1]","Participant","ndt_Intercept","IllusionGameValidation_S01",0.163797,0.881422960617176,0.007472255,"gam_lnr_MullerLyer"
"626","z_5[1,2]","Participant","ndt_Intercept","IllusionGameValidation_S02",0.02644275,-0.25251362300481,0.007472255,"gam_lnr_MullerLyer"
"627","z_5[1,3]","Participant","ndt_Intercept","IllusionGameValidation_S03",0.0573545,-1.46894268572636,0.007472255,"gam_lnr_MullerLyer"
"628","z_5[1,4]","Participant","ndt_Intercept","IllusionGameValidation_S04",0.0568705,1.81657582715884,0.007472255,"gam_lnr_MullerLyer"
"629","z_5[1,5]","Participant","ndt_Intercept","IllusionGameValidation_S05",0.1331965,1.59867833181312,0.007472255,"gam_lnr_MullerLyer"
"630","z_5[1,6]","Participant","ndt_Intercept","IllusionGameValidation_S06",0.0557375,0.371733979342712,0.007472255,"gam_lnr_MullerLyer"
"631","z_5[1,7]","Participant","ndt_Intercept","IllusionGameValidation_S07",0.340986,2.58362281795074,0.007472255,"gam_lnr_MullerLyer"
"632","z_5[1,8]","Participant","ndt_Intercept","IllusionGameValidation_S08",0.011608495,-0.340097482616324,0.007472255,"gam_lnr_MullerLyer"
"633","z_5[1,9]","Participant","ndt_Intercept","IllusionGameValidation_S09",0.1277373,2.43579344668747,0.007472255,"gam_lnr_MullerLyer"
"634","z_5[1,10]","Participant","ndt_Intercept","IllusionGameValidation_S10",0.1189955,0.987604188833679,0.007472255,"gam_lnr_MullerLyer"
"635","z_5[1,11]","Participant","ndt_Intercept","IllusionGameValidation_S11",0.09076795,-0.25712473525075,0.007472255,"gam_lnr_MullerLyer"
"636","z_5[1,12]","Participant","ndt_Intercept","IllusionGameValidation_S12",0.0225569,-0.506105775520283,0.007472255,"gam_lnr_MullerLyer"
"637","z_5[1,13]","Participant","ndt_Intercept","IllusionGameValidation_S13",0.1058013,1.06110443671555,0.007472255,"gam_lnr_MullerLyer"
"638","z_5[1,14]","Participant","ndt_Intercept","IllusionGameValidation_S14",0.114783,-0.0536778518640695,0.007472255,"gam_lnr_MullerLyer"
"639","z_5[1,15]","Participant","ndt_Intercept","IllusionGameValidation_S15",0.008456015,-0.103015999644292,0.007472255,"gam_lnr_MullerLyer"
"640","z_5[1,16]","Participant","ndt_Intercept","IllusionGameValidation_S16",0.0393055,0.196052616646468,0.007472255,"gam_lnr_MullerLyer"
"641","z_5[1,17]","Participant","ndt_Intercept","IllusionGameValidation_S17",0.034286,0.313711479691174,0.007472255,"gam_lnr_MullerLyer"
"642","z_5[1,18]","Participant","ndt_Intercept","IllusionGameValidation_S18",0.0738433,0.105113387845157,0.007472255,"gam_lnr_MullerLyer"
"643","z_5[1,19]","Participant","ndt_Intercept","IllusionGameValidation_S19",0.01495205,-1.0286233537374,0.007472255,"gam_lnr_MullerLyer"
"644","z_5[1,20]","Participant","ndt_Intercept","IllusionGameValidation_S20",0.03641735,-0.13364892474722,0.007472255,"gam_lnr_MullerLyer"
"645","z_5[1,21]","Participant","ndt_Intercept","IllusionGameValidation_S21",0.02074575,-0.356833704585281,0.007472255,"gam_lnr_MullerLyer"
"646","z_5[1,22]","Participant","ndt_Intercept","IllusionGameValidation_S22",1.878335,-0.648703327872949,0.007472255,"gam_lnr_MullerLyer"
"647","z_5[1,23]","Participant","ndt_Intercept","IllusionGameValidation_S23",0.02999535,0.628080538335833,0.007472255,"gam_lnr_MullerLyer"
"648","z_5[1,24]","Participant","ndt_Intercept","IllusionGameValidation_S24",0.05516115,0.521234637084573,0.007472255,"gam_lnr_MullerLyer"
"649","z_5[1,25]","Participant","ndt_Intercept","IllusionGameValidation_S25",0.06351325,-1.07327132806238,0.007472255,"gam_lnr_MullerLyer"
"650","z_5[1,26]","Participant","ndt_Intercept","IllusionGameValidation_S26",0.1641775,-0.354327354465465,0.007472255,"gam_lnr_MullerLyer"
"651","z_5[1,27]","Participant","ndt_Intercept","IllusionGameValidation_S27",0.0554485,0.0273088055041583,0.007472255,"gam_lnr_MullerLyer"
"652","z_5[1,28]","Participant","ndt_Intercept","IllusionGameValidation_S28",0.207968,-0.290733971632922,0.007472255,"gam_lnr_MullerLyer"
"653","z_5[1,29]","Participant","ndt_Intercept","IllusionGameValidation_S29",0.071636,-0.204802229734567,0.007472255,"gam_lnr_MullerLyer"
"654","z_5[1,30]","Participant","ndt_Intercept","IllusionGameValidation_S30",0.723602,1.60719812746641,0.007472255,"gam_lnr_MullerLyer"
"655","z_5[1,31]","Participant","ndt_Intercept","IllusionGameValidation_S31",0.295041,-1.24410456487648,0.007472255,"gam_lnr_MullerLyer"
"656","z_5[1,32]","Participant","ndt_Intercept","IllusionGameValidation_S32",0.02428785,1.0792202012606,0.007472255,"gam_lnr_MullerLyer"
"657","z_5[1,33]","Participant","ndt_Intercept","IllusionGameValidation_S33",0.09013175,-0.227538064478299,0.007472255,"gam_lnr_MullerLyer"
"658","z_5[1,34]","Participant","ndt_Intercept","IllusionGameValidation_S34",0.015838,0.321486426201732,0.007472255,"gam_lnr_MullerLyer"
"659","z_5[1,35]","Participant","ndt_Intercept","IllusionGameValidation_S35",0.105492,0.509115062521675,0.007472255,"gam_lnr_MullerLyer"
"660","z_5[1,36]","Participant","ndt_Intercept","IllusionGameValidation_S36",0.05142575,0.991199620093705,0.007472255,"gam_lnr_MullerLyer"
"661","z_5[1,37]","Participant","ndt_Intercept","IllusionGameValidation_S37",0.08954425,0.4132679237412,0.007472255,"gam_lnr_MullerLyer"
"662","z_5[1,38]","Participant","ndt_Intercept","IllusionGameValidation_S38",0.0283637,0.175345621399038,0.007472255,"gam_lnr_MullerLyer"
"663","z_5[1,39]","Participant","ndt_Intercept","IllusionGameValidation_S39",0.1451335,-1.91877147176962,0.007472255,"gam_lnr_MullerLyer"
"664","z_5[1,40]","Participant","ndt_Intercept","IllusionGameValidation_S40",0.01811235,0.84944491225499,0.007472255,"gam_lnr_MullerLyer"
"665","sd_6[1]","Participant","poutlier_Intercept",NA,0.001493655,2.00324041066667,0.007472255,"gam_lnr_MullerLyer"
"666","z_6[1,1]","Participant","poutlier_Intercept","IllusionGameValidation_S01",0.695046,-0.403362792576117,0.007472255,"gam_lnr_MullerLyer"
"667","z_6[1,2]","Participant","poutlier_Intercept","IllusionGameValidation_S02",0.3209205,0.621842312271249,0.007472255,"gam_lnr_MullerLyer"
"668","z_6[1,3]","Participant","poutlier_Intercept","IllusionGameValidation_S03",0.6584195,-0.294563404074048,0.007472255,"gam_lnr_MullerLyer"
"669","z_6[1,4]","Participant","poutlier_Intercept","IllusionGameValidation_S04",0.6685875,-0.325484893435095,0.007472255,"gam_lnr_MullerLyer"
"670","z_6[1,5]","Participant","poutlier_Intercept","IllusionGameValidation_S05",0.636734,-0.359042129721118,0.007472255,"gam_lnr_MullerLyer"
"671","z_6[1,6]","Participant","poutlier_Intercept","IllusionGameValidation_S06",0.6219805,-0.374030684804533,0.007472255,"gam_lnr_MullerLyer"
"672","z_6[1,7]","Participant","poutlier_Intercept","IllusionGameValidation_S07",0.649589,-0.317855470604048,0.007472255,"gam_lnr_MullerLyer"
"673","z_6[1,8]","Participant","poutlier_Intercept","IllusionGameValidation_S08",0.604946,-0.34943847230059,0.007472255,"gam_lnr_MullerLyer"
"674","z_6[1,9]","Participant","poutlier_Intercept","IllusionGameValidation_S09",0.188008,1.12849877243025,0.007472255,"gam_lnr_MullerLyer"
"675","z_6[1,10]","Participant","poutlier_Intercept","IllusionGameValidation_S10",0.6185115,-0.355479721347248,0.007472255,"gam_lnr_MullerLyer"
"676","z_6[1,11]","Participant","poutlier_Intercept","IllusionGameValidation_S11",0.363478,0.727881973504982,0.007472255,"gam_lnr_MullerLyer"
"677","z_6[1,12]","Participant","poutlier_Intercept","IllusionGameValidation_S12",0.664689,-0.316379582858412,0.007472255,"gam_lnr_MullerLyer"
"678","z_6[1,13]","Participant","poutlier_Intercept","IllusionGameValidation_S13",0.6123265,-0.396550987511845,0.007472255,"gam_lnr_MullerLyer"
"679","z_6[1,14]","Participant","poutlier_Intercept","IllusionGameValidation_S14",0.63928,-0.345040849802948,0.007472255,"gam_lnr_MullerLyer"
"680","z_6[1,15]","Participant","poutlier_Intercept","IllusionGameValidation_S15",0.662815,-0.373222561369549,0.007472255,"gam_lnr_MullerLyer"
"681","z_6[1,16]","Participant","poutlier_Intercept","IllusionGameValidation_S16",0.7673955,-0.16564453350749,0.007472255,"gam_lnr_MullerLyer"
"682","z_6[1,17]","Participant","poutlier_Intercept","IllusionGameValidation_S17",0.6858955,-0.311200761255335,0.007472255,"gam_lnr_MullerLyer"
"683","z_6[1,18]","Participant","poutlier_Intercept","IllusionGameValidation_S18",0.732055,-0.0223024759567583,0.007472255,"gam_lnr_MullerLyer"
"684","z_6[1,19]","Participant","poutlier_Intercept","IllusionGameValidation_S19",0.662956,-0.280750019749909,0.007472255,"gam_lnr_MullerLyer"
"685","z_6[1,20]","Participant","poutlier_Intercept","IllusionGameValidation_S20",0.6227485,-0.329888618812311,0.007472255,"gam_lnr_MullerLyer"
"686","z_6[1,21]","Participant","poutlier_Intercept","IllusionGameValidation_S21",0.714551,-0.359450637825442,0.007472255,"gam_lnr_MullerLyer"
"687","z_6[1,22]","Participant","poutlier_Intercept","IllusionGameValidation_S22",0.3863395,1.93780580500809,0.007472255,"gam_lnr_MullerLyer"
"688","z_6[1,23]","Participant","poutlier_Intercept","IllusionGameValidation_S23",0.6293205,-0.35342596865082,0.007472255,"gam_lnr_MullerLyer"
"689","z_6[1,24]","Participant","poutlier_Intercept","IllusionGameValidation_S24",0.6226695,-0.374872879335162,0.007472255,"gam_lnr_MullerLyer"
"690","z_6[1,25]","Participant","poutlier_Intercept","IllusionGameValidation_S25",0.7061285,-0.349901052349095,0.007472255,"gam_lnr_MullerLyer"
"691","z_6[1,26]","Participant","poutlier_Intercept","IllusionGameValidation_S26",0.3263635,0.847081451112806,0.007472255,"gam_lnr_MullerLyer"
"692","z_6[1,27]","Participant","poutlier_Intercept","IllusionGameValidation_S27",0.298345,0.628510218545808,0.007472255,"gam_lnr_MullerLyer"
"693","z_6[1,28]","Participant","poutlier_Intercept","IllusionGameValidation_S28",0.0168555,3.1683507747602,0.007472255,"gam_lnr_MullerLyer"
"694","z_6[1,29]","Participant","poutlier_Intercept","IllusionGameValidation_S29",0.587483,-0.300618564164042,0.007472255,"gam_lnr_MullerLyer"
"695","z_6[1,30]","Participant","poutlier_Intercept","IllusionGameValidation_S30",0.634398,-0.309291866130439,0.007472255,"gam_lnr_MullerLyer"
"696","z_6[1,31]","Participant","poutlier_Intercept","IllusionGameValidation_S31",0.649866,-0.306330585073135,0.007472255,"gam_lnr_MullerLyer"
"697","z_6[1,32]","Participant","poutlier_Intercept","IllusionGameValidation_S32",0.6206625,-0.349491929192948,0.007472255,"gam_lnr_MullerLyer"
"698","z_6[1,33]","Participant","poutlier_Intercept","IllusionGameValidation_S33",0.710055,-0.342997058463892,0.007472255,"gam_lnr_MullerLyer"
"699","z_6[1,34]","Participant","poutlier_Intercept","IllusionGameValidation_S34",0.5892135,-0.32082694995444,0.007472255,"gam_lnr_MullerLyer"
"700","z_6[1,35]","Participant","poutlier_Intercept","IllusionGameValidation_S35",0.5757175,-0.395431094863969,0.007472255,"gam_lnr_MullerLyer"
"701","z_6[1,36]","Participant","poutlier_Intercept","IllusionGameValidation_S36",0.594544,-0.352856684339048,0.007472255,"gam_lnr_MullerLyer"
"702","z_6[1,37]","Participant","poutlier_Intercept","IllusionGameValidation_S37",0.7024805,-0.377887746180038,0.007472255,"gam_lnr_MullerLyer"
"703","z_6[1,38]","Participant","poutlier_Intercept","IllusionGameValidation_S38",0.2774265,0.615419736085323,0.007472255,"gam_lnr_MullerLyer"
"704","z_6[1,39]","Participant","poutlier_Intercept","IllusionGameValidation_S39",0.630486,0.318530322357887,0.007472255,"gam_lnr_MullerLyer"
"705","z_6[1,40]","Participant","poutlier_Intercept","IllusionGameValidation_S40",0.645744,-0.309606501496537,0.007472255,"gam_lnr_MullerLyer"
